pair_id,query_id,query_text,article_id,article_title,article_text,kuhperdata_book,llm_verdict,llm_reasoning,expert_verdict,expert_notes
1,q838,Kenapa saya harus ganti rugi kalau cuma nggak hadir di sidang dan lupa bayar biaya tambahan?,1236,Pasal 1236,"Pasal 1236: Debitur wajib memberi ganti biaya, kerugian dan bunga kepada kreditur bila ia menjadikan dirinya tidak mampu untuk menyerahkan barang itu atau tidak merawatnya dengan sebaikbaiknya untuk menyelamatkannya.",Buku III (Perikatan),RELEVAN,"unsur: debitur menjadikan diri tidak mampu, tidak merawat barang, ganti rugi biaya/kerugian/bunga | fakta: kasus membahas ""lupa bayar biaya tambahan"" dan ""tidak hadir"", yang dapat dikategorikan sebagai kelalaian debitur dalam memenuhi kewajiban (wanprestasi) yang menyebabkan kerugian/biaya tambahan; unsur debitur tidak merawat/memenuhi kewajiban dengan baik relevan dengan konteks kelalaian | RELEVAN",,
2,q1306,"Saya punya anak umur 15 tahun dan suaminya sudah meninggal, apakah saya otomatis jadi wali dan boleh jual tanah warisnya buat biaya sekolah anak?",1097,Pasal 1097,"Pasal 1097: Yang tidak perlu dimasukkan ialah: biaya-biaya pemeliharaan dan pendidikan; tunjangan untuk pemeliharaan yang sangat diperlukan; pengeluaran-pengeluaran untuk memperoleh keahlian dalam bidang perdagangan, kesenian, pekerjaan tangan atau perusahaan; biaya sekolah; biaya untuk penggantian tempat atau penukaran nomor dalam dinas angkatan bersenjata negara; biaya pernikahan, pakaian dan perhiasan untuk perlengkapan perkawinan.",Buku II (Benda),RELEVAN,"unsur: biaya yang tidak perlu dimasukkan dalam perhitungan (biaya sekolah, pemeliharaan) | fakta: kasus menyebutkan biaya sekolah sebagai tujuan pengeluaran, yang merupakan biaya yang dikecualikan dari penggantian pribadi wali (dibebankan pada harta anak) | RELEVAN",,
3,q730,"Ayah saya meninggal saat saya masih kecil, sekarang ibu saya ditunjuk sebagai wali saya dan diberi kuasa mengurus rumah warisan ayah, apakah ini benar-benar sah menurut aturan?",175,Pasal 175,"Pasal 175: Tiada hibah seluruh atau sebagian dan warisan si penghibah, yang diberikan dalam perjanjian kawin, baik yang diberikan oleh yang seorang dan suami isteri kepada yang lain, maupun yang diberikan secara timbal balik, akan beralih kepada anak-anak yang lahir dan perkawinan mereka, bila yang diberi hibah meninggal sebelum si penghibah.",Buku I (Orang),TIDAK_RELEVAN,"unsur: hibah dalam perjanjian kawin, kematian penerima sebelum penghibah | fakta: tidak membahas hibah dalam perjanjian kawin | TIDAK_RELEVAN",,
4,q1838,"Kenapa nama ibu saya di akta kelahiran beda sama di KTP dan KK sih? Saya mau perbaiki supaya urusannya lancar, tapi butuh bukti yang valid.",273,Pasal 273,"Pasal 273: Anak yang dilahirkan dari orang tua, yang tanpa memperoleh dispensasi dari Pemerintah tidak boleh kawin satu sama lainnya, tidak dapat disahkan selain dengan cara mengakui anak itu dalam akta kelahiran.",Buku I (Orang),TIDAK_RELEVAN,"unsur: anak dari orang tua yang tidak boleh kawin tanpa dispensasi, sahkan hanya dengan pengakuan dalam akta kelahiran | fakta: kasus tidak membahas perkawinan yang dilarang atau dispensasi | TIDAK_RELEVAN",,
5,q526,"Saya punya anak kecil yang belum cukup umur, suami saya sudah meninggal, dan sekarang saya butuh izin untuk menjual tanah warisan kami demi biaya sekolahnya, tapi saya bingung harus bagaimana?",396,Pasal 396,"Pasal 396: Pengadilan Negeri boleh mengizinkan penjualan di bawah tangan suatu barang tak bergerak dalam hal-hal yang luar biasa dan bila kepentingan anak belum dewasa menghendakinya. Izin itu tidak akan diberikan, kecuali atas permintaan wali yang harus disertai alasan-alasannya dan dengan persetujuan bersama dari wali pengawas dan keluarga sedarah atau semenda. Bila keluarga sedarah atau semenda tidak semua datang menghadap atas panggilan, maka cukup persetujuan bersama dari mereka yang datang. Barang tidak bergerak itu tidak boleh dijual dengan harga yang lebih rendah dari harga yang sebelum pemberian izin telah ditaksir oleh tiga orang ahli yang diangkat oleh Pengadilan Negeri.",Buku I (Orang),RELEVAN,"unsur: izin penjualan barang tak bergerak, hal luar biasa, kepentingan anak, taksir ahli | fakta: kasus menyebutkan kebutuhan izin menjual tanah (barang tak bergerak) demi biaya sekolah (kepentingan anak), yang merupakan substansi pasal ini | RELEVAN",,
6,q1419,"Saya punya utang ke teman yang sudah lama tidak dibayar, sekarang dia minta denda 6% per tahun mulai Oktober, apakah wajar kalau dia minta itu?",213,Pasal 213,"Pasal 213: Isteri itu tidak berhak untuk menuntut tunjangan nafkah, yang setelah ditentukan Hakim harus dibayar oleh si suami kepada isterinya selama berlangsungnya perkara itu. Bila isteri itu, tanpa izin Hakim, meninggalkan tempat tinggal yang ditunjuk baginya, maka tergantung pada keadaan, dia boleh diberi hak lagi untuk menuntut tunjangan, bahkan bila dia adalah penggugat, dia dapat dinyatakan tidak dapat diterima untuk melanjutkan tuntutan hukumnya.",Buku I (Orang),TIDAK_RELEVAN,"unsur: tunjangan nafkah isteri, izin hakim, tempat tinggal | fakta: kasus tidak melibatkan sengketa perkawinan/nafkah | TIDAK_RELEVAN",,
7,q842,"Saya punya anak yang belum cukup umur dan ayahnya sudah meninggal, jadi saya ingin tahu bagaimana cara saya bisa menjual tanah warisan kami demi kebutuhan hidup kami?",1787,Pasal 1787,Pasal 1787: Penerima bunga tidak dapat menagih bunga yang sudah harus dibayar selain dengan menyatakan bahwa orang yang atas dirinya telah diperjanjikan bunga cagak hidup itu masih hidup.,Buku III (Perikatan),RELEVAN,"unsur: wali tidak boleh mengasingkan/menggadaikan/menjual barang tak bergerak tanpa izin Pengadilan Negeri, syarat keperluan mutlak/manfaat jelas | fakta: kasus ingin menjual tanah (barang tak bergerak) milik anak. Pasal ini adalah dasar hukum utama yang melarang wali menjual tanpa izin pengadilan dan mensyaratkan adanya keperluan mutlak atau manfaat jelas. Unsur ""wali"", ""anak belum dewasa"", ""barang tak bergerak"", ""penjualan"", ""izin pengadilan"" semua terpenuhi. | RELEVAN",,
8,q994,"Saya sudah bayar duit beli barang bekas rongsokan tapi barangnya gak pernah datang, sekarang penjualnya meninggal dan keluarganya gak mau kasih uang kembali, apa yang harus saya lakukan?",1457,Pasal 1457,"Pasal 1457: Jual beli adalah suatu persetujuan dengan mana pihak yang satu mengikatkan dirinya untuk menyerahkan suatu barang, dan pihak yang lain untuk membayar harga yang dijanjikan.",Buku III (Perikatan),RELEVAN,"unsur: definisi jual beli, penyerahan barang, pembayaran harga | fakta: kasus ini adalah jual beli, unsur ini mendefinisikan hubungan hukum yang terjadi | RELEVAN",,
9,q425,"Saya sudah lunas bayar uang miliaran untuk villa impian, tapi developer malah gagal serahkan rumah sesuai janji dan malah minta waktu tambahan tanpa alasan jelas, apa yang harus saya lakukan?",1338,Pasal 1338,"Pasal 1338: Semua persetujuan yang dibuat sesuai dengan undang-undang berlaku sebagai undang-undang bagi mereka yang membuatnya. Persetujuan itu tidak dapat ditarik kembali selain dengan kesepakatan kedua belah pihak, atau karena alasan-alasan yang ditentukan oleh undangundang. Persetujuan harus dilaksanakan dengan itikad baik.",Buku III (Perikatan),RELEVAN,"unsur: perjanjian sebagai undang-undang bagi pihak, itikad baik, tidak dapat ditarik kembali | fakta: ini adalah Pasal 1338 (kesepakatan mengikat). Unsur: adanya perjanjian, kewajiban melaksanakan dengan itikad baik. Fakta: Developer gagal serah (melanggar itikad baik/perjanjian). Unsur ini **terpenuhi/dibahas** karena inti sengketa adalah pelanggaran terhadap perjanjian yang berlaku sebagai hukum bagi mereka. | RELEVAN",,
10,q92,"Saya bingung, kenapa saya tidak bisa menuntut ganti rugi lagi padahal kasus penipuan saya sudah diadili sebelumnya?",1602t,Pasal 1602t,"Pasal 1602t: Majikan yang untuk sementara waktu berhalangan memenuhi upah berupa pemondokan, pangan dan keperluan hidup lain, sedangkan halangan ini tidak disebabkan oleh perbuatan buruh sendiri, wajib memberikan suatu ganti rugi yang jumlahnya ditetapkan dengan persetujuan, atau jika tidak ada suatu perjanjian. menurut kebiasaan setempat.",Buku III (Perikatan),TIDAK_RELEVAN,"unsur: hubungan kerja, halangan majikan, ganti rugi pemondokan/pangan | fakta: kasus tentang penipuan, bukan hubungan kerja | TIDAK_RELEVAN",,
11,q672,"Saya punya tanah warisan dari suami yang sudah meninggal, tapi salah satu anak saya masih kecil dan belum bisa mengurus sendiri. Bagaimana cara saya menjual tanah itu demi biaya hidup dan pendidikan anak tanpa melanggar aturan supaya aman?",383,Pasal 383,Pasal 383: Wali harus menyelenggarakan pemeliharaan dan pendidikan bagi anak belum dewasa menurut kemampuan harta kekayaannya dan harus mewakili anak belum dewasa itu dalam segala tindakan perdata. Anak belum dewasa harus menghormati walinya.,Buku I (Orang),RELEVAN,"unsur: kewajiban wali memelihara/mendidik, mewakili anak dalam tindakan perdata | fakta: istri (sebagai pemegang kekuasaan orang tua, yang fungsinya mirip wali dalam representasi) ingin melakukan tindakan perdata (jual tanah) untuk kepentingan pemeliharaan/pendidikan. Prinsip representasi dan kepentingan anak sangat relevan | RELEVAN",,
12,q1113,"Saya punya tanah yang dilelang ke orang lain, tapi saya masih tinggal di sana dan merasa harga lelangnya terlalu rendah, apakah saya bisa menolak penyerahan tanahnya itu?",1524,Pasal 1524,"Pasal 1524: Barangsiapa membeli dengan perjanjian membeli kembali, memperoleh segala hak penjual sebagai penggantinya ia dapat menggunakan hak lewat waktunya baik terhadap pemilik sejati saja yang mengira punya hak hipotek atau hak lain atas barang yang dijual itu.",Buku III (Perikatan),TIDAK_RELEVAN,"unsur: jual beli dengan perjanjian kembali, hak penjual, hak lewat waktu | fakta: kasus tentang lelang tanah, tidak menyebutkan perjanjian jual beli kembali | TIDAK_RELEVAN",,
13,q110,"Saya punya masalah, saya dipaksa tanda tangan jual beli rumah padahal cuma mau pinjam nama buat ambil kredit, sekarang rumah saya dilelang dan saya rugi miliaran, apa yang harus saya lakukan?",1457,Pasal 1457,"Pasal 1457: Jual beli adalah suatu persetujuan dengan mana pihak yang satu mengikatkan dirinya untuk menyerahkan suatu barang, dan pihak yang lain untuk membayar harga yang dijanjikan.",Buku III (Perikatan),RELEVAN,"unsur: definisi jual beli (serahan barang dan pembayaran harga) | fakta: kasus secara eksplisit menyebutkan ""jual beli rumah"", sehingga unsur dasar hubungan hukum jual beli terpenuhi sebagai konteks sengketa | RELEVAN",,
14,q388,"Nenek saya jadi wali buat cucunya yang masih belasan tahun karena ayah dan ibu mereka sudah meninggal, tapi sekarang dia butuh izin jual tanah warisan untuk biaya sekolah dan hidup, apakah ini sah?",388,Pasal 388,"Pasal 388: Pada permulaan setiap perwalian, kecuali yang dilakukan oleh bapak atau ibu, Balai Harta Peninggalan, setelah mendengar wali pengawas, dan setelah memanggil keluarga sedarah atau semenda anak belum dewasa, menurut perkiraan dan dalam keseimbangan dengan harta kekayaan yang harus diurus, harus menentukan jumlah uang yang diperlukan untuk biaya hidup anak belum dewasa itu beserta biaya yang diperlukan guna mengurus harta kekayaan; semuanya itu tidak mengurangi kemungkinan campur tangan Pengadilan Negeri, bila Balai Harta Peninggalan tidak menyetujui pendapat sebagian besar keluarga anak belum dewasa yang hadir. Dalam akta yang sama harus ditentukan pula apakah wali dalam menjalankan pengurusan, diperkenankan pula dengan upah menggunakan seorang pengurus khusus atau lebih, yang akan mewakili wali dan di bawah tanggung jawab wali.",Buku I (Orang),RELEVAN,"unsur: penentuan biaya hidup anak dan biaya pengurusan harta oleh Balai Harta Peninggalan pada awal perwalian | fakta: kasus tentang izin jual tanah untuk biaya hidup/sekolah, menyentuh unsur ""biaya hidup anak"" dan ""pengurusan harta"" dalam konteks perwalian | RELEVAN",,
15,q439,"Saya punya adik yang belum dewasa dan orang tuanya sudah meninggal, jadi saya mau jual tanah warisan kita tapi dia nggak bisa tanda tangan sendiri, apa yang harus saya lakukan?",360,Pasal 360,"Pasal 360: Pengangkatan seorang wali atas permintaan keluarga sedarah anak yang belum dewasa, atas permintaan para kreditur atau pihak lain yang berkepentingan, atas permintaan Balai Harta Peninggalan, atas tuntutan jawatan Kejaksaan, ataupun karena jabatan, oleh Pengadilan Negeri yang di daerah hukumnya anak belum dewasa itu bertempat tinggal. Bila anak belum dewasa tidak mempunyai tempat tinggal di Indonesia atau bila tempat tinggalnya tidak diketahui, maka pengangkatan itu dilakukan oleh Pengadilan Negeri di tempat tinggalnya yang terakhir di Indonesia, sedangkan bila ini juga tidak ada, oleh Pengadilan Negeri di Jakarta. Pegawai Catatan Sipil wajib memberitahukan kepada Balai Harta Peninggalan semua peristiwa kematian yang harus dibukukan dalam daftar dengan keterangan apakah orang-orang yang meninggal itu meninggalkan anak belum dewasa, dan memberitahukan segala perlangsungan perkawinan yang akan dibukukan mengenai orang-orang tua yang mempunyai anak yang belum dewasa.",Buku I (Orang),RELEVAN,"unsur: pengangkatan wali, permintaan keluarga/kreditur/Balai, Pengadilan Negeri, kematian orang tua | fakta: unsur pengangkatan wali oleh Pengadilan Negeri setelah orang tua meninggal terpenuhi sebagai langkah prosedural sebelum menjual tanah | RELEVAN",,
16,q1499,"Saya punya hutang ke teman yang sudah saya akui lewat surat, tapi sekarang saya tidak bisa bayar lagi dan dia ingin menjual tanah saya untuk melunasinya, apa yang harus saya lakukan?",943,Pasal 943,"Pasal 943: Notaris yang menyimpan surat-surat wasiat diantara surat-surat aslinya, dalam bentuk apa pun juga, setelah meninggalnya pewaris, harus memberitahukannya kepada orang-orang yang berkepentingan.",Buku II (Benda),TIDAK_RELEVAN,"unsur: notaris, penyimpanan wasiat, pemberitahuan kepada berkepentingan | fakta: tidak ada unsur wasiat | TIDAK_RELEVAN",,
17,q685,"Saya punya anak belum dewasa yang punya tanah warisan dari ayah kandungnya, tapi saya sebagai ibu tunggal butuh uang untuk biaya sekolahnya, bolehkah saya jual tanah itu tanpa izin pengadilan?",394,Pasal 394,"Pasal 394: Bila wali hendak menjual barang-barang tak bergerak, maka surat permohonan yang diajukan oleh wali harus dilampiri sebuah daftar segala harta kekayaan anak belum dewasa dan dalam daftar itu harus disebutkan barang-barang yang hendak dijual. Pengadilan Negeri berwenang untuk mengizinkan penjualan barang-barang itu, baik barang-barang yang ditunjuk maupun barang-barang lain, yang menurut pertimbangan Pengadilan Negeri penjualan barang-barang itu tidak menimbulkan begitu banyak kerugian bagi anak belum dewasa.",Buku I (Orang),RELEVAN,"unsur: permohonan penjualan barang tak bergerak, daftar harta kekayaan, izin pengadilan | fakta: kasus membahas keinginan wali untuk menjual tanah (barang tak bergerak) milik anak; pasal ini mengatur prosedur permohonan izin pengadilan untuk penjualan tersebut | RELEVAN",,
18,q1840,"Istri saya meninggal dan saya ingin mengurus sertifikat tanah serta kredit atas nama anak-anak saya yang masih kecil, apakah saya bisa mewakili mereka tanpa izin khusus?",307,Pasal 307,"Pasal 307: Orang yang melakukan kekuasaan orang tua terhadap seorang anak yang masih di bawah umur, harus mengurus barang-barang kepunyaan anak tersebut, dengan tidak mengurangi ketentuan Pasal 237 dan alinea terakhir Pasal 319e. Ketentuan ini tidak berlaku terhadap barang-barang yang dihibahkan atau diwasiatkan kepada anak-anak, baik dengan akta antar yang sama-sama masih hidup maupun dengan surat wasiat, dengan ketentuan bahwa pengurusan atas barang-barang itu akan dilakukan oleh seorang pengurus atau lebih yang ditunjuk untuk itu di luar orang yang melakukan kekuasaan orang tua. Bila pengurusan yang diatur demikian, karena alasan apa pun juga sekiranya hapus, maka barang-barang termaksud beralih pengelolaannya kepada orang yang melakukan kekuasaan orang tua. Meskipun ada pengangkatan pengurus-pengurus khusus seperti di atas, orang yang melakukan kekuasaan orang tua mempunyai hak untuk minta perhitungan dan pertanggungjawaban dari orang-orang tersebut selama anaknya belum dewasa.",Buku I (Orang),RELEVAN,"unsur: kekuasaan orang tua, pengurusan barang anak, pengecualian untuk hibah/wasiat dengan pengurus khusus | fakta: kasus tentang pengurusan sertifikat/kredit anak oleh ayah (pemegang kekuasaan orang tua), namun tidak ada unsur hibah/wasiat dengan pengurus khusus yang menjadi inti sengketa. Namun, pasal ini mengatur dasar hukum pengurusan harta anak oleh orang tua. Unsur ""pengurusan barang anak"" terpenuhi. Unsur ""kekuasaan orang tua"" terpenuhi. | RELEVAN",,
19,q1867,"Kenapa nama orang tua saya di akta kelahiran beda sama di akta nikah mereka, dan bagaimana cara memperbaikinya agar data saya benar?",12,Pasal 12,"Pasal 12: Bila Pengadilan Negeri mengizinkan penggantian atau penambahan nama depan, maka surat penetapannya harus disampaikan kepada Pegawai Catatan Sipil tempat tinggal si pemohon, dan pegawai itu harus membukukannya dalam daftar yang sedang berjalan, dan mencatatnya pula pada margin akta kelahiran.",Buku I (Orang),RELEVAN,"unsur: izin Pengadilan Negeri untuk penggantian/pengambahan nama depan, pencatatan oleh Pegawai Catatan Sipil di margin akta kelahiran | fakta: kasus meminta perbaikan nama (yang bisa berupa penggantian nama depan) dan pencatatan di akta kelahiran | RELEVAN",,
20,q822,"Saya punya tanah yang sudah saya beli sejak lama dan punya sertifikat, tapi tiba-tiba ada sekelompok orang yang datang mengklaim tanah itu milik mereka berdasarkan surat garapan yang ternyata tidak sah, dan mereka sempat mencoba menduduki lahan saya serta memasang plang nama mereka, apakah tindakan mereka ini benar-benar melanggar hak saya?",381,Pasal 381,"Pasal 381: Pemecatan seorang wali dilakukan oleh Pengadilan Negeri tempat tinggalnya atau, bila tempat tinggalnya tidak ada, oleh Pengadilan Negeri tempat tinggal terakhir, atas permohonan wali pengawas, atas permohonan salah satu keluarga sedarah atau keluarga semenda anak belum dewasa sampai dengan derajat keempat, atas permohonan dewan perwalian, atau atas tuntutan Kejaksaan. Pemecatan bapak atau ibu yang diangkat menjadi wali setelah adanya perceraian, dilakukan oleh Pengadilan Negeri yang mengadili gugatan perceraian. Permintaan atau tuntutan itu harus memuat peristiwa-peristiwa dan keadaan-keadaan yang merupakan dasarnya pula harus memuat daftar nama orang tua wali dan wali pengawas serta tempat kediaman dan tempat tinggal mereka, sejauh ini diketahui, nama dan tempat tinggal keluarga sedarah atau keluarga semenda yang menurut Pasal 333 harus dipanggil, demikian pula nama dan tempat tinggal saksi-saksi yang kiranya dapat menguatkan peristiwa yang dikemukakan dalam permohonan atau tuntutan itu. Kecuali jika permohonan atau tuntutan itu beserta surat-surat yang dilampirkan untuk menguatkannya, harus segera dikirim oleh panitera kepada dewan tersebut. Pada surat permohonan atau tuntutan itu, oleh panitera Pengadilan Negeri dicatat hari masuknya.",Buku I (Orang),TIDAK_RELEVAN,"unsur: pemecatan wali, permohonan, Pengadilan Negeri | fakta: tidak ada unsur perwalian | TIDAK_RELEVAN",,
21,q315,"Saya punya anak angkat yang baru berusia 15 tahun dan ibunya sudah meninggal, sementara ayahnya sakit-sakitan. Bagaimana cara saya menjual tanah milik mereka untuk biaya hidup dan sekolahnya tanpa melanggar aturan?",298,Pasal 298,"Pasal 298: Setiap anak, berapa pun juga umurnya, wajib menghormati dan menghargai orang tuanya. Orang tua wajib memelihara dan mendidik anak-anak mereka yang masih di bawah umur. Kehilangan kekuasaan orang tua atau kekuasaan wali tidak membebaskan mereka dari kewajiban untuk memberi tunjangan menurut besarnya pendapat mereka guna membiayai pemeliharaan dan pendidikan anak-anak mereka itu. Bagi yang sudah dewasa berlaku ketentuan-ketentuan yang terdapat dalam Bagian 3 bab ini.",Buku I (Orang),RELEVAN,"unsur: kewajiban anak menghormati orang tua, kewajiban orang tua memelihara/mendidik anak di bawah umur, tunjangan | fakta: kasus secara eksplisit menyebutkan tujuan penjualan tanah adalah untuk ""biaya hidup dan sekolahnya"" (pemeliharaan dan pendidikan). Pasal ini menetapkan kewajiban hukum orang tua/wali untuk membiayai pemeliharaan dan pendidikan anak di bawah umur. Ini adalah dasar hukum (causa) yang membenarkan penggunaan harta anak untuk kepentingan hidupnya sendiri, sehingga penjualan tanah untuk tujuan ini tidak melanggar aturan (selama prosedur perwalian dipenuhi). Unsur ""kewajiban memelihara dan mendidik"" dan ""biaya pemeliharaan"" terpenuhi dalam fakta | RELEVAN",,
22,q1272,"Saya sudah menyerahkan sertifikat tanah sebagai pembayaran jasa konsultasi hukum, tapi kenapa mereka sampai menjual tanah itu ke orang lain dan tidak mau mengurus peralihan hak miliknya secara resmi?",1849,Pasal 1849,"Pasal 1849: Bila kreditur secara sukarela menerima suatu barang tak bergerak atau barang lain sebagai pembayaran utang pokok, maka penanggung dibebaskan dari tanggungannya, sekalipun barang itu kemudian harus diserahkan oleh kreditur kepada orang lain berdasarkan putusan Hakim untuk kepentingan pembayaran utang tersebut.",Buku III (Perikatan),TIDAK_RELEVAN,"unsur: kreditur menerima barang sebagai pembayaran utang (datio in solutum), pembebasan penanggung | fakta: kasus melibatkan penyerahan sertifikat sebagai pembayaran jasa, namun tidak ada unsur penanggung (jaminan) yang dibebaskan | TIDAK_RELEVAN",,
23,q233,"Ayah saya meninggal, sekarang saya anak yang belum dewasa ingin menjual tanah warisan bersama dengan izin siapa ya?",394,Pasal 394,"Pasal 394: Bila wali hendak menjual barang-barang tak bergerak, maka surat permohonan yang diajukan oleh wali harus dilampiri sebuah daftar segala harta kekayaan anak belum dewasa dan dalam daftar itu harus disebutkan barang-barang yang hendak dijual. Pengadilan Negeri berwenang untuk mengizinkan penjualan barang-barang itu, baik barang-barang yang ditunjuk maupun barang-barang lain, yang menurut pertimbangan Pengadilan Negeri penjualan barang-barang itu tidak menimbulkan begitu banyak kerugian bagi anak belum dewasa.",Buku I (Orang),RELEVAN,"unsur: permohonan penjualan barang tak bergerak, lampiran daftar harta kekayaan, izin Pengadilan Negeri | fakta: kasus ingin menjual tanah (tak bergerak); unsur permohonan izin penjualan barang tak bergerak terpenuhi | RELEVAN",,
24,q855,Kenapa tetangga saya berani bikin septic tank dan bangunan di atas tanah saya padahal sudah saya tegang berkali-kali?,655,Pasal 655,"Pasal 655: Barangsiapa menyuruh menggali sebuah sumur, selokan atau kakus di tempat yang berdekatan dengan tembok batas milik bersama atau bukan milik bersama, atau hendak mendirikan pipa asap, tempat perapian, dapur atau tempat masak di tempat yang demikian, atau membuat kandang, tempat rabuk, gudang, gudang garam, tempat penyimpanan bahan keras atau bangunan yang merugikan dan membahayakan, maka ia wajib membuat jarak antara tembok dengan bangunan tersebut, sebagaimana ditetapkan dalam peraturan khusus atau menurut kebiasaan tentang hal itu, ataupun ia wajib mengusahakan bangunan itu sedemikian rupa menurut peraturan dan kebiasaan yang ditentukan untuk itu agar tidak menimbulkan kerugian bagi pekarangan-pekarangan yang berdekatan.",Buku II (Benda),RELEVAN,"unsur: menggali sumur/kakus/septic tank dekat tembok batas, wajib menjaga jarak/keamanan agar tidak merugikan | fakta: kasus menyebutkan ""septic tank"". Pasal 655 mengatur khusus tentang pembuatan kakus/septic tank dan jaraknya agar tidak merugikan tetangga. Ini sangat relevan karena salah satu objek sengketa adalah septic tank. Unsur ""membuat kakus/septic tank"" dan ""kerugian/membahayakan"" (potensi pencemaran/kerusakan) tersentuh. | RELEVAN",,
25,q1722,"Saya punya hutang ke teman sebesar 100 juta yang harus dibayar Maret lalu, tapi saya sudah diingatkan berkali-kali dan tetap tidak bisa melunasinya, apakah saya bisa dipaksa menjual rumah saya untuk menutupi hutang itu?",1213,Pasal 1213,"Pasal 1213: Pada waktu mengadakan pengaturan urutan tingkat, akan diperintahkan pencoretan pendaftaran-pendaftaran yang tidak mendapat urutan tingkat yang menguntungkan. Pendaftaran demikian yang hanya sebagian dapat diikutsertakan secara menguntungkan, hanya dapat dipertahankan untuk bagian itu saja sampai pada saat pembayaran, yang langsung dapat ditagih oleh kreditur, tanpa mengingat apakah piutang itu sudah dapat ditagih atau belum. Tentang piutang-piutang yang jumlah seluruhnya mendapat urutan tingkat yang menguntungkan, pendaftarannya akan dipertahankan, dan pembelinya tetap terikat pada kewajiban-kewajiban yang sama mendapat ketentuan-ketentuan mendapatkan waktu dan penundaan-penundaan yang sama, seperti pembelian yang semula.",Buku II (Benda),TIDAK_RELEVAN,"unsur: urutan tingkat hipotek, pencoretan pendaftaran, pembayaran kreditur hipotek | fakta: kasus tidak menyebutkan adanya hipotek atau pendaftaran jaminan | TIDAK_RELEVAN",,
26,q550,"Saya sudah pisah dari suami saya sejak 2015 karena dia tidak peduli sama sekali, tidak nafkahi anak-anak, dan sering mabuk, dan sekarang dia tidak mau hadir di pengadilan untuk menyelesaikan masalah ini, apa yang harus saya lakukan?",202,Pasal 202,"Pasal 202: Bila pihak tergugat menyetujui tuntutan, Pengadilan Negeri harus memerintahkan, agar suami isteri itu secara pribadi bersama-sama menghadap seorang atau lebih hakim anggota, yang akan berusaha mendamaikan mereka. Bila usaha itu tidak berhasil, Hakim harus memerintahkan untuk kembali lagi, paling cepat tiga bulan dan paling lambat enam bulan setelah pertama kali menghadap. Bila ada alasan yang sah untuk tidak menghadap maka anggota atau para anggota yang ditunjuk itu harus pergi ke rumah suami isteri itu. Bila salah seorang dari suami isteri, atau kedua-duanya, bertempat tinggal di luar daerah hukum Pengadilan Negeri yang kepadanya permohonan diajukan, maka Pengadilan Negeri itu boleh meminta Pengadilan Negeri yang di daerah hukumnya kedua suami isteri itu bertempat tinggal untuk melakukan tindakan-tindakan tersebut dalam tiga alinea terdahulu. Pengadilan Negeri ini akan membuat berita acara tentang tindakan-tindakan yang dilakukannya dan segera mengirimkannya kepada Pengadilan Negeri tersebut pertama. Bila salah seorang dan suami isteri, atau kedua-duanya bertempat tinggal di luar Indonesia, Pengadilan Negeri boleh meminta kepada seorang pejabat Pengadilan di negara tempat mereka berdiam, untuk melakukan tindakan-tindakan tersebut dalam alinea satu dan dua, atau memerintahkannya kepada Pegawai Perwakilan Indonesia di tempat tinggal suami isteri itu. Berita Acara mengenai hal itu dikirimkan kepada Pengadilan Negeri itu.",Buku I (Orang),RELEVAN,"unsur: ikhtiar perdamaian, kehadiran suami-istri, alasan sah tidak hadir, pemanggilan di luar daerah/negeri | fakta: suami tidak mau hadir di pengadilan, unsur ""alasan sah untuk tidak menghadap"" dan prosedur pemanggilan/perdamaian menjadi pokok pembahasan untuk mengatasi ketidakhadiran tergugat | RELEVAN",,
27,q979,"Suami saya meninggal dunia, sekarang saya otomatis jadi wali buat dua anak kita yang masih kecil, tapi saya butuh izin resmi buat jual tanah peninggalan mereka demi kepentingan mereka, gimana cara mengurusnya?",396,Pasal 396,"Pasal 396: Pengadilan Negeri boleh mengizinkan penjualan di bawah tangan suatu barang tak bergerak dalam hal-hal yang luar biasa dan bila kepentingan anak belum dewasa menghendakinya. Izin itu tidak akan diberikan, kecuali atas permintaan wali yang harus disertai alasan-alasannya dan dengan persetujuan bersama dari wali pengawas dan keluarga sedarah atau semenda. Bila keluarga sedarah atau semenda tidak semua datang menghadap atas panggilan, maka cukup persetujuan bersama dari mereka yang datang. Barang tidak bergerak itu tidak boleh dijual dengan harga yang lebih rendah dari harga yang sebelum pemberian izin telah ditaksir oleh tiga orang ahli yang diangkat oleh Pengadilan Negeri.",Buku I (Orang),RELEVAN,"unsur: izin Pengadilan Negeri untuk penjualan barang tak bergerak (tanah) anak belum dewasa, alasan luar biasa, kepentingan anak, persetujuan wali pengawas & keluarga | fakta: kasus secara spesifik menanyakan cara mengurus izin resmi untuk jual tanah (barang tak bergerak) milik anak di bawah umur demi kepentingan mereka. Unsur-unsur pasal (izin PN, barang tak bergerak, anak belum dewasa, kepentingan anak) sepenuhnya dibahas/diminta dalam fakta kasus | RELEVAN",,
28,q999,"Saya punya tiga anak kecil yang belum dewasa, suami saya sudah meninggal, dan sekarang saya butuh izin untuk menjaminkan tanah milik kita bersama demi biaya hidup dan pendidikan mereka, apakah ini boleh dilakukan tanpa melanggar aturan?",126,Pasal 126,"Pasal 126: Harta bersama bubar demi hukum: 1. karena kematian; 2. karena perkawinan atas izin hakim setelah suami atau isteri tidak ada; 3. karena perceraian; 4. karena pisah meja dan ranjang; 5. karena pemisahan harta. Akibat-akibat khusus dan pembubaran dalam hal-hal tersebut pada nomor 2°, 3°, 4°, dan 5°pasal ini, diatur dalam bab-bab yang membicarakan soal ini.",Buku I (Orang),RELEVAN,"unsur: pembubaran harta bersama karena kematian | fakta: suami meninggal, sehingga harta bersama bubar demi hukum. Ini adalah fakta hukum dasar yang mengubah status tanah dari ""harta bersama"" menjadi ""harta peninggalan/perwalian"" | RELEVAN",,
29,q1881,"Gue bingung, kalau ada orang yang punya utang sama suami gue, apakah dia bisa ikut campur kalau gue mau minta pisah harta sama suami gue?",1420,Pasal 1420,"Pasal 1420: Jika debitur hanya menunjuk seseorang yang harus membayar untuk dia, maka tidak terjadi suatu pembaruan utang. Hal yang sama berlaku jika kreditur hanya menunjuk seseorang yang diwajibkan menerima pembayaran utang untuknya.",Buku III (Perikatan),TIDAK_RELEVAN,"unsur: debitur menunjuk pembayar, kreditur menunjuk penerima, pembaruan utang | fakta: kasus tidak melibatkan pembaruan utang atau penunjukan pihak ketiga untuk bayar/terima | TIDAK_RELEVAN",,
30,q406,"Saya punya anak laki-laki yang baru 13 tahun dan belum bisa tanda tangan sendiri, tapi saya butuh izin untuk menjual tanah warisan kami demi biaya sekolahnya, bagaimana cara mengurusnya agar tidak dianggap melanggar aturan?",1448,Pasal 1448,"Pasal 1448: Jika tata cara yang ditentukan untuk sahnya perbuatan yang menguntungkan anak-anak yang belum dewasa dan orang-orang yang berada di bawah pengampuan telah terpenuhi, atau jika orang yang menjalankan kekuasaan orangtua, wali atau pengampu telah melakukan perbuatanperbuatan yang tidak melampaui batas-batas kekuasaannya, maka anak-anak yang belum dewasa dan orang-orang yang berada di bawah pengampuan itu dianggap telah melakukan sendiri perbuatan-perbuatan itu setelah mereka menjadi dewasa atau tidak lagi berada di bawah pengampuan, tanpa mengurangi hak mereka untuk menuntut orang yang melakukan kekuasaan orangtua, wali atau pengampu itu bila ada alasan untuk itu.",Buku III (Perikatan),RELEVAN,"unsur: tata cara sah perbuatan menguntungkan anak belum dewasa, wali/pengampu, pengesahan perbuatan setelah dewasa | fakta: pasal ini mengatur validitas perbuatan hukum yang dilakukan oleh wali atas nama anak. Kasus menanyakan cara mengurus izin agar tidak melanggar aturan (yaitu memenuhi tata cara sah). Unsur ""perbuatan yang menguntungkan anak"" (biaya sekolah) dan ""tata cara yang ditentukan"" (izin) sangat relevan dengan pertanyaan ""bagaimana cara mengurusnya"". Pasal ini menjadi dasar hukum bahwa perbuatan wali sah jika memenuhi tata cara. | RELEVAN",,
31,q44,"Saya beli tanah dari ayah saya tahun 2009 dan sudah bangun rumah, tapi keluarga mereka malah larang saya pakai sisa tanahnya dan bilang itu pekarangan bersama, apa saya harus terima begitu saja?",550,Pasal 550,"Pasal 550: Tuntutan untuk mempertahankan besit boleh diajukan di muka Hakim, bila seseorang terganggu dalam memegang besitnya atas sebidang tanah atau pekarangan, sebuah rumah atau gedung, suatu hak kebendaan atau barang bergerak pada umumnya.",Buku II (Benda),RELEVAN,"unsur: tuntutan mempertahankan besit, gangguan pemilikan tanah/rumah/hak kebendaan | fakta: pemohon merasa haknya atas tanah (sisa tanah) diganggu oleh keluarga yang melarang penggunaan. Ini adalah inti sengketa: gangguan terhadap pemilikan/besit tanah. Unsur ""gangguan dalam memegang besit"" terpenuhi oleh fakta larang pakai. | RELEVAN",,
32,q1314,"Saya bingung, kalau rumah kita sudah dibebani jaminan utang ke bank, apakah masih bisa dibagi rata sama mantan suami saya setelah cerai?",163,Pasal 163,"Pasal 163: Semua utang kedua suami isteri itu bersama-sama, yang dibuat selama perkawinan, harus dihitung sebagai kerugian bersama. Apa yang dirampas akibat kejahatan salah seorang dan suami isteri itu, tidak termasuk kerugian bersama itu.",Buku I (Orang),RELEVAN,"unsur: utang bersama suami-istri selama perkawinan, dihitung sebagai kerugian bersama | fakta: kasus membahas rumah yang dibebani utang. Pasal ini mendefinisikan utang yang dibuat selama perkawinan sebagai kerugian bersama (bagian dari harta bersama). Ini sangat relevan untuk menentukan status utang tersebut dalam pembagian harta gono-gini. | RELEVAN",,
33,q1268,"Saya punya istri yang sekarang dalam kondisi Vegetative State karena sakit otak, jadi dia nggak bisa ngurusin uang tabungannya sendiri buat obat, gimana cara saya bisa legal ambil duit itu buat perawatannya?",786,Pasal 786,"Pasal 786: Selama pemakai hasil tidak memberikan jaminan, pemilik berhak mengurus sendiri barang yang termasuk hak pakai hasil, asal saja dan pihaknya diadakan jaminan. Dalam hal tidak diadakan jaminan ini, barang-barang tidak bergerak harus disewakan, digadaikan atau ditempatkan di bawah pengurusan pihak ketiga; uang yang termasuk dalam hak pakai hasil harus dibungakan, bahan makanan dan bahan lain yang tidak dapat dipakai tanpa dihabiskan harus dijual, dan uang pendapatannya harus juga dibungakan. Bunga uang ini, demikian pula uang sewa dan uang gadai, menjadi milik pemakai hasil.",Buku II (Benda),TIDAK_RELEVAN,"unsur: hak pakai hasil, jaminan, pengelolaan oleh pemilik | fakta: kasus tidak membahas hak pakai hasil | TIDAK_RELEVAN",,
34,q637,"Saya punya suami yang sudah didiagnosis Alzheimer sejak 2017 sampai sekarang dia nggak bisa ngurusin aset warisan dari orang tuanya sendiri, gimana cara saya bisa mewakili dia biar hartanya nggak hilang?",258,Pasal 258,"Pasal 258: Bila suami meninggal dia menerapkan haknya dalam hal ini, padahal waktunya untuk itu masih berjalan, maka para ahli warisnya tidak dapat mengingkari keabsahan anak itu selain dalam hal tersebut Pasal 252. Gugatan untuk membantah keabsahan anak itu harus dimulai dalam waktu dua bulan terhitung sejak anak itu memiliki harta benda suami, atau sejak para ahli warisnya terganggu dalam memilikinya oleh anak.",Buku I (Orang),TIDAK_RELEVAN,"unsur: gugatan bantah keabsahan anak, waktu 2 bulan, anak memiliki harta suami | fakta: tidak ada sengketa keabsahan anak | TIDAK_RELEVAN",,
35,q610,"Saya habis kehilangan rumah dan tanah karena dihibahkan ke anak saya saat saya masih punya istri, sekarang saya sudah cerai dan hidup susah tanpa nafkah dari mereka, apakah saya bisa membatalkan pemberian itu?",321,Pasal 321,"Pasal 321: Setiap anak wajib memberi nafkah orang tua dan keluarga sedarahnya dalam garis ke atas, bila mereka ini dalam keadaan miskin.",Buku I (Orang),RELEVAN,"unsur: kewajiban anak memberi nafkah orang tua, syarat orang tua dalam keadaan miskin | fakta: pemohon menyatakan hidup susah (miskin) dan ingin membatalkan hibah karena tidak dapat nafkah; unsur kewajiban nafkah dan kemiskinan orang tua terpenuhi/dibahas sebagai dasar keluhan | RELEVAN",,
36,q149,Kenapa saya malah harus bayar biaya cuma karena nggak bisa hadir di mediasi padahal saya sudah dipanggil berkali-kali lewat email?,731,Pasal 731,"Pasal 731: Dengan berakhirnya hak guna usaha, pemilik tanah mempunyai tuntutan perseorangan terhadap pemegang hak usaha untuk mengganti biaya, kerugian dan bunga yang disebabkan pemegang hak guna usaha lalai dan kurang memelihara pekarangan dan untuk hak-hak yang akibat kesalahan pemegang hak guna usaha telah gugur karena lewat waktu.",Buku II (Benda),TIDAK_RELEVAN,"unsur: hak guna usaha, berakhir, ganti biaya/kerugian/bunga, lalai memelihara | fakta: kasus tidak melibatkan hak guna usaha | TIDAK_RELEVAN",,
37,q208,"Saya bingung, kenapa bank bisa langsung menjual tanah saya lewat lelang padahal saya belum pernah diadili dulu karena tidak bayar cicilan?",1957,Pasal 1957,"Pasal 1957: Seseorang yang sekarang menguasai suatu barang, yang membuktikan bahwa ia menguasai sejak dulu, dianggap juga telah menguasainya selama selang waktu antara dulu dan sekarang, tanpa mengurangi pembuktian hal yang sebaliknya.",Buku IV (Pembuktian),TIDAK_RELEVAN,"unsur: penguasaan barang, bukti penguasaan sejak dulu, kontinuitas | fakta: kasus tidak membahas pembuktian penguasaan historis | TIDAK_RELEVAN",,
38,q1301,"Suami saya meninggal, sekarang saya ingin mengurus sertifikat tanah bersama anak saya yang masih kecil, tapi dia belum bisa bertindak sendiri, bagaimana cara saya mewakili dia agar perubahannya sah?",848,Pasal 848,"Pasal 848: Anak tidak memperoleh hak dan orangtuanya untuk mewakili mereka, tetapi seseorang dapat mewakili orang yang tak mau menerima harta peninggalannya.",Buku II (Benda),TIDAK_RELEVAN,"unsur: larangan anak mewakili orang tua dalam warisan, perwakilan bagi yang menolak warisan | fakta: kasus tentang ibu mewakili anak, bukan anak mewakili orang tua | TIDAK_RELEVAN",,
39,q1542,"Saya punya hutang ke teman yang tidak saya bayar sesuai janji, sekarang dia mau menjual tanah jaminan saya, apakah ini adil?",58,Pasal 58,"Pasal 58: Janji kawin tidak menimbulkan hak untuk menuntut di muka Hakim berlangsungnya perkawinan, juga tidak menimbulkan hak untuk menuntut penggantian biaya, kerugian dan bunga, akibat tidak dipenuhinya janji itu, semua persetujuan untuk ganti rugi dalam hal ini adalah batal. Akan tetapi, jika pemberitahuan kawin ini telah diikuti oleh suatu pengumuman,, maka ha! itu dapat menjadi dasar untuk menuntut penggantian biaya, kerugian dan bunga berdasarkan kerugian-kerugian yang nyata diderita oleh satu pihak atas barang-barangnya sebagai akibat dan penolakan pihak yang lain; dalam pada itu tak boleh diperhitungkan soal kehilangan keuntungan. Tuntutan ini lewat waktu dengan lampaunya waktu delapan belas bulan, terhitung dari pengumuman perkawinan itu.",Buku I (Orang),TIDAK_RELEVAN,"unsur: janji kawin, pengumuman kawin, ganti rugi penolakan | fakta: kasus tentang utang, bukan janji kawin | TIDAK_RELEVAN",,
40,q40,"Saya punya tanah yang dibeli dari orang tua, tapi ada yayasan yang bangun panti asuhan di sana tanpa izin dan menolak pindah, apa yang harus saya lakukan?",332a,Pasal 332a,"Pasal 332a: Baik orang yang diangkat menjadi wali oleh salah seorang dari kedua orang tua, maupun wanita bersuami yang diangkat oleh salah seorang dari kedua orang tua, maupun wanita bersuami yang diangkat menjadi wali, tidaklah wajib menerimanya. Pengangkatan itu tidak mengakibatkan suatu apa pun bila mereka tidak menyatakan sanggup menerima. Pernyataan ini harus dilakukan di kepaniteraan Pengadilan Negeri tempat tinggal anak yang belum dewasa dalam waktu enam puluh hari, setelah pengangkatan itu diberitahukan kepada mereka. Bila yang diangkat bertempat tinggal sejauh lebih dan lima belas pal dari kepaniteraan Pengadilan Negeri itu, pernyataan tersebut boleh diajukan secara tertulis di atas kertas tanpa materai. Pemberitahuan ini bila menyangkut wanita bersuami, harus dilakukan baik kepadanya maupun kepada suaminya. Pemberitahuan tidak diwajibkan bila di kepaniteraan Pengadilan Negeri telah dilakukan atau diajukan pernyataan, bahwa pengangkatan itu ditolak. Ketentuanketentuan tersebut di atas berlaku terhadap perkumpulan, yayasan dan lembaga sosial tersebut dalam Pasal 365, kecuali jika perwalian itu diperintahkan atas permintaan atau kesanggupan mereka sendiri.",Buku I (Orang),TIDAK_RELEVAN,"unsur: pengangkatan wali, pernyataan penerimaan penolakan, perwalian oleh yayasan/perkumpulan | fakta: kasus sengketa tanah, tidak ada unsur pengangkatan wali atau perwalian | TIDAK_RELEVAN",,
41,q1248,"Saya sudah bayar lunas beli apartemen tapi kunci belum dikasih, apa yang harus saya lakukan?",1517,Pasal 1517,"Pasal 1517: Jika pembeli tidak membayar harga pembelian, maka penjual dapat menuntut pembatalan jual beli itu menurut ketentuan-ketentuan Pasal 1266 dan 1267.",Buku III (Perikatan),TIDAK_RELEVAN,"unsur: pembeli tidak membayar, penjual menuntut pembatalan jual beli | fakta: fakta kasus menyatakan pembeli *sudah bayar lunas*, sehingga unsur ""tidak membayar"" tidak terpenuhi | TIDAK_RELEVAN",,
42,q1640,"Saya punya tanah warisan dari ayah yang sekarang malah dipegang satu pihak, tapi saya dan keluarga lain tidak pernah dapat bagian, apa yang harus saya lakukan?",762,Pasal 762,"Pasal 762: Hasil alam dan hasil kerajinan yang pada permulaan berlakunya hak pakai hasil masih melekat pada pohon atau akar, termasuk milik pemakai hasil. Hasil tersebut di atas yang masih dalam keadaan seperti di atas pada waktu hak pakai basil berakhir, adalah hak pemilik tanah, sedangkan pihak yang satu atau pihak yang lain yang tidak diwajibkan membayar ongkos pengolahan dan pembenihan tanah, tetapi tidak boleh mengurangi bagian dan hasil yang merupakan hak pihak ketiga yang ikut serta sebagai pengusaha, baik pada permulaan, maupun pada akhir hak pakai hasil itu.",Buku II (Benda),TIDAK_RELEVAN,"unsur: hak pakai hasil, hasil alam/kerajinan, berakhirnya hak pakai hasil | fakta: kasus tidak melibatkan hubungan hukum hak pakai hasil (vruchtgebruik) | TIDAK_RELEVAN",,
43,q1916,"Gue udah 23 tahun dan merasa udah dewasa, tapi mau ganti nama belakang jadi nama ayah tiri. Apakah gue butuh izin orang tua lagi buat urusan ini?",359,Pasal 359,"Pasal 359: Bila anak belum dewasa yang tidak berada di bawah kekuasaan orang tua dan yang perwaliannya sebelumnya tidak diatur dengan cara yang sah, Pengadilan Negeri harus mengangkat seorang wali, setelah mendengar atau memanggil dengan sah para keluarga sedarah dan semenda. Bila pengangkatan itu diperlukan karena ketidakmampuan untuk sementara waktu melakukan kekuasaan orang tua atau perwalian, maka oleh Pengadilan Negeri diangkat juga seorang wali untuk waktu selama ketidakmampuan itu ada. Wali ini diberhentikan lagi oleh Pengadilan Negeri atas permohonan orang yang digantinya bila alasan-alasan yang menyebabkan ia diangkat. Bila pengangkatan itu diperlukan karena bapak atau ibu tidak diketahui ada tidaknya, tempat tinggal atau tempat kediaman mereka, maka oleh Pengadilan Negeri diangkat juga seorang wali. Atas permohonan orang yang digantinya, wali ini diberhentikan oleh Pengadilan Negeri, bila alasan yang menyebabkan pengangkatan tidak ada lagi. Atas permohonan ini Pengadilan Negeri mengambil ketetapan setelah mendengar atau memanggil dengan sah pemohon, wali, wali pengawas, para keluarga sedarah atau semenda anak belum dewasa, dan dewan perwalian bila permohonan ini menyangkut perwalian anak di luar kawin, maka Pengadilan Negeri mengambil ketetapan setelah mendengar atau memanggil secara sah, sebagaimana diatur dalam Pasal 354a. Permohonan dikabulkan kecuali jika ada kekhawatiran yang berdasar kalau-kalau bapak atau ibu menelantarkan anak. Terhadap pemeriksaan orang-orang ini, ketentuan dalam alinea keempat Pasal 206 berlaku dengan sekedar penyesuaian. Selama perwalian termaksud dalam alinea kedua dan ketiga berjalan, penunaian kekuasaan orang tua ditangguhkan. Dalam hal diperlukan pengangkatan seorang wali, maka bila perlu oleh Balai Harta Peninggalan, baik sebelum maupun setelah pengangkatan itu, diadakan tindakan-tindakan seperlunya guna mengurus diri dan harta kekayaan anak belum dewasa, sampai perwalian itu mulai berlaku.",Buku I (Orang),TIDAK_RELEVAN,"unsur: anak belum dewasa, tidak ada kekuasaan orang tua/perwalian sah, pengangkatan wali oleh Pengadilan | fakta: pemohon sudah dewasa, tidak ada pembahasan pengangkatan wali | TIDAK_RELEVAN",,
44,q1874,"Gimana ya kalau nama ayah di ijazah anak saya salah tulis, apakah surat itu masih bisa dipercaya sebagai bukti yang sah?",10,Pasal 10,"Pasal 10: Diperolehnya suatu nama sesuai dengan ketentuan-ketentuan dalam keempat pasal yang lalu, sekali-kali tidak boleh diajukan sebagal bukti adanya hubungan sanak saudara.",Buku I (Orang),RELEVAN,"unsur: pemakaian nama, larangan sebagai bukti hubungan sanak saudara | fakta: kasus membahas apakah ijazah (yang memuat nama) bisa dipercaya sebagai bukti sah. Pasal ini menyatakan bahwa pemakaian nama saja TIDAK BOLEH diajukan sebagai bukti hubungan sanak saudara. Ini sangat relevan untuk menilai argumen bahwa ""nama di ijazah salah"" apakah mempengaruhi keabsahan bukti hubungan hukum. Ijazah bukan sekadar ""pemakaian nama"" tapi akta resmi, namun pasal ini membatasi kekuatan bukti nama. | RELEVAN",,
45,q390,"Suami saya meninggal saat anak saya masih berusia 14 tahun, dan saya ingin tahu bagaimana cara saya secara sah mewakili dia untuk menyewakan atau menjual tanah warisan demi kebutuhan hidupnya?",127,Pasal 127,"Pasal 127: Setelah salah seorang dan suami isteri meninggal, maka bila ada meninggalkan anak yang masih di bawah umur, pihak yang hidup terlama wajib untuk mengadakan pendaftaran harta benda yang merupakan harta bersama dalam waktu empat bulan. Pendaftaran harta bersama itu boleh dilakukan di bawah tangan, tetapi harus dihadiri oleh wali pengawas. Bila pendaftaran harta bersama itu tidak diadakan, gabungan harta bersama berlangsung terus untuk keuntungan si anak yang masih di bawah umur dan sekali-kali tidak boleh merugikannya.",Buku I (Orang),RELEVAN,"unsur: pendaftaran harta bersama, istri wajib mendaftar dalam 4 bulan, wali pengawas hadir | fakta: unsur ini sangat relevan. Suami meninggal, ada anak di bawah umur (14 tahun). Istri wajib mendaftar harta bersama. Ini adalah langkah awal sebelum mengelola/menjual warisan. Fakta kasus menyentuh kebutuhan untuk mengelola harta warisan, dan pendaftaran harta bersama adalah prasyarat hukum untuk memisahkan harta warisan dari harta bersama. | RELEVAN",,
46,q846,"Saya punya anak kecil yang belum bisa mengurus diri sendiri, dan saya ingin menjual tanah warisan ibunya untuk biaya sekolahnya, tapi apakah saya perlu izin khusus dari pengadilan dulu?",399,Pasal 399,"Pasal 399: Wali tidak boleh menjual barang: tak bergerak anak belum dewasa selain dengan lelang umum. Dalam hal itu pembelian tidak akan mempunyai kekuatan, sebelum disahkan oleh Pengadilan Negeri menurut syarat-syaratnya dan ketentuan dalam alinea-alinea kedua, ketiga dan keempat pasal 396.",Buku I (Orang),RELEVAN,"unsur: wali menjual barang tak bergerak anak, lelang umum, sahkan Pengadilan Negeri | fakta: kasus menanyakan izin khusus untuk menjual tanah warisan anak; pasal ini mengatur mekanisme penjualan (lelang) yang memerlukan persetujuan pengadilan, sehingga relevan sebagai dasar hukum prosedur penjualan | RELEVAN",,
47,q14,"Saya beli rumah seharga 1,5 miliar di tahun 2019, sudah bayar 1 miliar tapi penjualnya nggak mau bikin akta resmi dan terus-terusan nunda sisa lunasan, sekarang dia malah bilang transaksi belum jadi dan minta saya pindah, padahal saya sudah tinggal di sana sejak Juni, apa yang harus saya lakukan?",1458,Pasal 1458,"Pasal 1458: Jual beli dianggap telah terjadi antara kedua belah pihak, segera setelah orang-orang itu mencapai kesepakatan tentang barang tersebut beserta harganya, meskipun barang itu belum diserahkan dan harganya belum dibayar.",Buku III (Perikatan),RELEVAN,"unsur: jual beli terjadi saat kesepakatan barang dan harga, tanpa penyerahan/pembayaran | fakta: ini adalah pasal kunci. Pembeli dan penjual telah mencapai kesepakatan harga (1,5 miliar) dan barang (rumah). Pasal ini mendukung argumen bahwa jual beli sudah sah terjadi secara konsensual, meskipun akta belum dibuat dan harga belum lunas. Ini sangat relevan untuk membantah klaim penjual bahwa ""transaksi belum jadi"" | RELEVAN",,
48,q1644,"Kenapa nama anak saya cuma ditulis 'M.ATHIF' padahal seharusnya 'MUHAMMAD ATHIF' di dokumen resmi, dan bagaimana cara memperbaikinya tanpa harus ribet?",5a,Pasal 5a,"Pasal 5a: Anak sah, dan juga anak tidak sah namun yang diakui oleh bapaknya, memakai nama keturunan bapaknya; anak-anak tidak sah yang tidak diakui oleh bapaknya, memakai nama keturunan ibunya.",Buku I (Orang),TIDAK_RELEVAN,"unsur: anak sah/tidak sah, pemakaian nama keturunan bapak/ibu | fakta: kasus membahas nama anak ('M.ATHIF' vs 'MUHAMMAD ATHIF'), namun pasal ini mengatur aturan umum pemakaian nama keturunan (bapak/ibu), bukan prosedur perbaikan kesalahan penulisan nama depan di akta/dokumen resmi. Unsur 'prosedur perbaikan nama' tidak tercakup | TIDAK_RELEVAN",,
49,q100,"Saya punya anak usia 13 tahun yang kedua orang tuanya sudah meninggal, siapa yang harus mengurus dia sampai dia dewasa?",427,Pasal 427,"Pasal 427: Pengadilan Negeri tidak mengambil keputusan sebelum mendengar atau memanggil dengan sah kedua orang tuanya. bila anak yang di bawah umur itu ada dalam kekuasaan orang tuanya, atau bila ia ada dalam perwalian, mendengar atau memanggil dengan sah walinya, wali pengawasnya, keluarga sedarah atau semenda, serta kedua orang tuanya atau orang tua yang masih hidup bila yang melakukan perwalian atas orang yang di bawah umur itu bukan orang tuanya. Alinea keempat Pasal 206 berlaku dalam hal mendengar para orang tua, wali dan walipengawas. Sebelum mengambil keputusan, Pengadilan Negeri boleh memerintahkan anak yang di bawah umur itu untuk menghadap sendiri. Sebelum menutup pemeriksaan. Pengadilan Negeri harus menentukan hari pengambilan keputusan. Terhadap keputusan Pengadilan Negeri, tidak dapat dimintakan banding.",Buku I (Orang),TIDAK_RELEVAN,"unsur: prosedur pengadilan untuk pendewasaan, mendengar orang tua/wali | fakta: tidak relevan karena anak belum memenuhi syarat umur untuk pendewasaan | TIDAK_RELEVAN",,
50,q59,"Saya punya tanah yang dijaminkan buat utang, tapi sekarang mereka langsung lelang tanpa saya tahu, padahal harganya jauh di bawah pasar, apa adil sih?",1019,Pasal 1019,"Pasal 1019: Tanpa mengurangi apa yang telah ditentukan mengenai hak pakai hasil, mengenai penunjukan ahli waris dengan wasiat, dan mengenai anak-anak di bawah umur dan orang-orang yang dalam pengampuan, pewaris boleh mengangkat seorang pengelola atau lebih, dengan surat wasiat atau dengan akta Notaris khusus, untuk mengelola barang-barang yang ditinggalkan kepada para ahli waris dan para penerima hibah wasiat selama hidup mereka ini atau selama waktu tertentu, asalkan dengan itu tidak dilanggar penyerahan secara bebas bagian para ahli waris menurut undang-undang. Ketentuan Pasal 1016 berlaku terhadap hal ini.",Buku II (Benda),TIDAK_RELEVAN,"unsur: pengelola harta warisan (executor), surat wasiat/akta notaris, pengelolaan selama hidup ahli waris | fakta: kasus tidak membahas wasiat atau pengelolaan harta warisan | TIDAK_RELEVAN",,
51,q412,"Saya beli tanah dari teman, tapi notaris yang saya bayar malah jual ke orang lain dan tidak kasih sertifikat saya, apa yang harus saya lakukan?",1457,Pasal 1457,"Pasal 1457: Jual beli adalah suatu persetujuan dengan mana pihak yang satu mengikatkan dirinya untuk menyerahkan suatu barang, dan pihak yang lain untuk membayar harga yang dijanjikan.",Buku III (Perikatan),RELEVAN,"unsur: persetujuan jual beli, penyerahan barang, pembayaran harga | fakta: kasus secara eksplisit menyebutkan ""Saya beli tanah"", yang merupakan inti dari definisi jual beli dalam pasal ini, dan sengketa muncul dari kegagalan penyerahan barang (sertifikat/tanah) | RELEVAN",,
52,q1878,"Gue mau nambahin nama belakang anak gue di akta lahir, kira-kira gimana ya caranya biar nama keluarga gue ikut ada di sana?",613,Pasal 613,"Pasal 613: Penyerahan piutang-piutang atas nama dan barang-barang lain yang tidak bertubuh, dilakukan dengan jalan membuat akta otentik atau di bawah tangan yang melimpahkan hak-hak atas barang-barang itu kepada orang lain. Penyerahan ini tidak ada akibatnya bagi yang berutang sebelum penyerahan itu diberitahukan kepadanya atau disetujuinya secara tertulis atau diakuinya. Penyerahan surat-surat utang atas tunjuk dilakukan dengan memberikannya; penyerahan surat utang atas perintah dilakukan dengan memberikannya bersama endosemen surat itu.",Buku II (Benda),TIDAK_RELEVAN,"unsur: penyerahan piutang, akta otentik/di bawah tangan, pemberitahuan debitur | fakta: kasus tidak melibatkan penyerahan piutang | TIDAK_RELEVAN",,
53,q71,Kenapa bank bisa jual aset rumah saya cuma-cuma tanpa kasih tahu dulu soal detail hutang dan bunga yang sebenarnya?,1854,Pasal 1854,Pasal 1854: Setiap perdamaian hanya menyangkut soal yang termaktub di dalamnya; pelepasan segala hak dan tuntutan yang dituliskan di situ harus diartikan sepanjang hak-hak dan tuntutan-tuntutan itu berhubungan dengan perselisihan yang menjadi sebab perdamaian tersebut.,Buku III (Perikatan),TIDAK_RELEVAN,"unsur: perdamaian, pelepasan hak | fakta: tidak ada unsur perdamaian (transactie) dalam kasus | TIDAK_RELEVAN",,
54,q132,"Saya beli tanah secara lisan dulu, tapi penjualnya kabur dan sekarang sertifikat masih atas namanya, apa yang harus saya lakukan?",1601g,Pasal 1601g,"Pasal 1601g: Anak yang belum dewasa mampu membuat perjanjian kerja sebagai buruh, jika ia dikuasakan untuk itu oleh walinya menurut undang-undang, baik dengan lisan maupun dengan tulisan. Surat kuasa lisan hanya berlaku untuk membuat suatu perjanjian kerja tertentu. Jika anak yang belum dewasa belum berusia 18 tahun, maka kuasa itu harus diberikan dihadapan majikan atau orang yang mewakilinya. Kuasa tersebut tidak dapat diberikan dengan bersyarat. Jika kuasa diberikan secara tertulis, maka anak yang belum dewasa itu wajib menyerahkan surat kuasanya kepada majikan, yang harus segera menyampaikan suatu salinan yang ditandatangani kepada anak yang belum dewasa itu dan pada waktu berakhirnya hubungan kerja,. mengembalikan surat kuasa tersebut kepada anak yang belum dewasa tersebut atau orang-orang yang mendapat hak daripadanya. Sekedar tidak secara tegas dikecualikan dengan syarat-syarat tertentu dalam kuasa yang telah diberikan itu, anak yang belum dewasa, tanpa mengurangi ketentuan alinea ketiga Pasal 1603 f. Namun demikian, ia tidak dapat menghadap Pengadilan tanpa dibantu oleh walinya menurut undang-undang, kecuali bagi Pengadilan ternyata bahwa wali tersebut tidak mampu menyatakan kehendaknya.",Buku III (Perikatan),TIDAK_RELEVAN,"unsur: anak belum dewasa, perjanjian kerja, kuasa wali | fakta: kasus tidak melibatkan anak belum dewasa atau perjanjian kerja | TIDAK_RELEVAN",,
55,q1566,"Saya punya hutang ke teman yang tidak dibayar sesuai janji, sekarang dia mau menjual tanah saya sebagai jaminan, apakah ini adil?",1524,Pasal 1524,"Pasal 1524: Barangsiapa membeli dengan perjanjian membeli kembali, memperoleh segala hak penjual sebagai penggantinya ia dapat menggunakan hak lewat waktunya baik terhadap pemilik sejati saja yang mengira punya hak hipotek atau hak lain atas barang yang dijual itu.",Buku III (Perikatan),TIDAK_RELEVAN,"unsur: jual beli dengan perjanjian membeli kembali (faux retour), hak penjual | fakta: kasus tentang hutang dan jaminan, bukan jual beli dengan opsi beli kembali | TIDAK_RELEVAN",,
56,q1717,Kenapa bank bisa langsung ambil tanah saya tanpa kasih tahu dulu atau minta solusi biar saya bisa bayar?,1823,Pasal 1823,"Pasal 1823: Orang dapat mengangkat diri sebagai penanggung tanpa diminta oleh orang yang mengikatkan diri untuk suatu utang, bahkan juga dapat tanpa tahu orang itu. Orang dapat pula menjadi penanggung, bukan hanya untuk debitur utama melainkan juga untuk seorang penanggung debitur utama itu.",Buku III (Perikatan),TIDAK_RELEVAN,"unsur: penanggung utang, tanpa diminta/tahu debitur | fakta: kasus mengenai jaminan hipotek atas tanah, bukan perjanjian penanggungan utang (borgtocht) | TIDAK_RELEVAN",,
57,q981,"Saya sudah menikah sejak 2022 tapi terus bertengkar sampai akhirnya dia kabur dan kita tidak tinggal serumah lagi, apakah pernikahan saya bisa dianggap putus?",242,Pasal 242,"Pasal 242: Dengan pisah meja dan ranjang, perkawinan tidak dibubarkan, tetapi dengan itu suami isteri tidak lagi wajib untuk tinggal bersama.",Buku I (Orang),RELEVAN,"unsur: pisah meja dan ranjang, perkawinan tidak dibubarkan, tidak wajib tinggal bersama | fakta: kasus secara eksplisit menanyakan apakah pernikahan dianggap ""putus"" (bubar) akibat tidak tinggal serumah; pasal ini secara langsung menjawab bahwa pisah ranjang TIDAK membubarkan perkawinan | RELEVAN",,
58,q1276,"Saya bingung, kalau saya sudah bayar hutang lewat orang lain tapi sertifikat masih atas nama orang itu, kenapa bank bisa langsung lelang tanahnya tanpa kasih tahu saya dulu?",812,Pasal 812,"Pasal 812: Bila hak pakai hasil hanya dikenakan atas gedung, dan gedung hancur karena kebakaran atau rusak tanpa disengaja atau runtuh karena tuanya, maka pemakai hasil tidak berhak menikmati hasil tanahnya, atau memakai bahan-bahan reruntuhan dan gedung tersebut. Bila hak pakai hasil diberikan atas suatu barang, yang sebagian berupa gedung, pemakai hasil tetap berhak menikmati tanah dan menggunakan bahan-bahan reruntuhan gedung itu, baik untuk membangun gedung baru, maupun untuk memperbaiki gedung lain yang juga merupakan bagian dan barang itu.",Buku II (Benda),TIDAK_RELEVAN,"unsur: hak pakai hasil, gedung hancur/runtuh, hak atas tanah/reruntuhan | fakta: kasus tentang hutang dan lelang, bukan hak pakai hasil (vruchtgebruik) | TIDAK_RELEVAN",,
59,q1642,"Saya punya hutang ke teman yang tidak saya bayar sesuai janji, sekarang dia marah dan ancam akan menjual aset saya, apa yang harus saya lakukan?",107,Pasal 107,"Pasal 107: Setiap suami wajib menerima isterinya di rumah yang ditempatinya. Dia wajib melindungi isterinya, dan memberinya apa saja yang perlu, sesuai dengan kedudukan dan kemampuannya.",Buku I (Orang),TIDAK_RELEVAN,"unsur: hubungan perkawinan, kewajiban suami menerima/melindungi/memberi nafkah istri | fakta: kasus tentang utang piutang antar teman, tidak ada unsur perkawinan | TIDAK_RELEVAN",,
60,q1005,"Kenapa orang bisa bikin surat jual beli tanah padahal pemiliknya sudah meninggal dunia, dan bagaimana cara saya menuntut ganti rugi kalau dokumen itu palsu?",1316,Pasal 1316,"Pasal 1316: Seseorang boleh menanggung seorang pihak ketiga dan menjanjikan bahwa pihak ketiga mi akan berbuat sesuatu, tetapi hal mi tidak mengurangi tuntutan ganti rugi terhadap penanggung atau orang yang berjanji itu, jika pihak ketiga tersebut menolak untuk memenuhi perjanjian itu.",Buku III (Perikatan),TIDAK_RELEVAN,"unsur: penanggung pihak ketiga, janji berbuat, tuntutan ganti rugi terhadap penanggung | fakta: kasus tidak melibatkan jaminan/penanggungan pihak ketiga | TIDAK_RELEVAN",,
61,q432,"Saya punya empat anak, tiga di antaranya masih kecil dan belum pernah menikah, sementara suami saya sudah meninggal. Apakah saya sah menjadi wali mereka untuk mengurus tanah warisan dan menjualnya demi biaya sekolah mereka?",385,Pasal 385,"Pasal 385: Wali harus mengurus harta kekayaan anak belum dewasa laksana seorang bapak rumah tangga yang baik dan bertanggung jawab atas biaya, kerugian dan bunga yang diperkirakan timbul karena pengurusan yang buruk. Bila kepada anak yang belum dewasa, baik dengan suatu akta antara orang-orang yang masih hidup, maupun dengan sebuah wasiat, telah dihibahkan atau dihibah wasiatkan sejumlah harta benda dan pengurusannya itu dipercayakan kepada seorang pengurus atau lebih yang telah ditunjuk, maka ketentuan-ketentuan Pasal 307, yang berlaku bagi pemangku kekuasaan orang tua, berlaku juga bagi wali.",Buku I (Orang),RELEVAN,"unsur: kewajiban wali mengurus harta laksana bapak rumah tangga, tanggung jawab atas pengurusan buruk | fakta: kasus menanyakan kewenangan untuk menjual tanah (tindakan pengurusan harta). Unsur ""wali"" dan ""mengurus harta"" terpenuhi. Pasal ini menjadi dasar standar perilaku wali. Namun, pertanyaan spesifik adalah ""apakah sah menjual"". Pasal 21 mengatur standar kehati-hatian, bukan izin spesifik untuk jual aset tetap. Tapi ini relevan sebagai dasar kewajiban umum wali. | RELEVAN",,
62,q44,"Saya beli tanah dari ayah saya tahun 2009 dan sudah bangun rumah, tapi keluarga mereka malah larang saya pakai sisa tanahnya dan bilang itu pekarangan bersama, apa saya harus terima begitu saja?",630a,Pasal 630a,Pasal 630a: Tiap pemilik pekarangan dapat mengharuskan masing-masing pemilik pekarangan yang bertetangga untuk membuat tanda perbatasan antara pekarangan mereka. Pembuatan batas itu harus dilakukan atas biaya bersama.,Buku II (Benda),RELEVAN,"unsur: pemilik pekarangan, tanda perbatasan, biaya bersama | fakta: sengketa mengenai batas hak pakai sisa tanah dan klaim ""pekarangan bersama"", unsur batas pekarangan relevan untuk menentukan hak | RELEVAN",,
63,q651,"Saya merasa sangat terluka karena suami saya tidak pernah peduli saat saya kehilangan anak, tidak memberi nafkah, malah mengancam bunuh diri dan menyita dokumen penting saya, apakah ada cara hukum untuk memisahkan diri dan menuntut tanggung jawabnya?",326,Pasal 326,"Pasal 326: Bila orang yang wajib memberi nafkah itu membuktikan bahwa ia tidak mampu menyediakan uang untuk itu, Pengadilan Negeri dapat memerintahkan, setelah menyelidiki duduknya perkara, agar dia membawa orang yang wajib dipeliharanya ke rumahnya dan menyediakan kebutuhannya di sana.",Buku I (Orang),RELEVAN,"unsur: wajib memberi nafkah, bukti ketidakmampuan uang, perintah membawa ke rumah dan menyediakan kebutuhan | fakta: kasus menyebutkan suami tidak memberi nafkah. Pasal ini mengatur alternatif jika suami tidak mampu bayar uang (memelihara di rumah). Fakta ""tidak memberi nafkah"" menyentuh unsur kewajiban nafkah. Meskipun fakta tidak secara eksplisit menyatakan suami ""tidak mampu"", pasal ini relevan dalam konteks penyelesaian sengketa nafkah (apakah bayar uang atau memelihara). Namun, karena suami ""mengancam"" dan ""menyita dokumen"", kemungkinan besar tidak mau, bukan tidak mampu. Tapi secara unsur hukum, ini adalah pasal tentang kewajiban nafkah. Saya akan tandai RELEVAN karena membahas mekanisme pemenuhan kewajiban nafkah yang sedang disengketakan. | RELEVAN",,
64,q1289,"Saya punya anak yang belum genap 21 tahun dan belum pernah nikah, tapi suami saya sudah meninggal. Sekarang saya mau jual tanah warisan kita berdua, tapi apakah saya bisa melakukannya sendiri atau harus ada izin khusus karena anak saya belum dewasa?",360,Pasal 360,"Pasal 360: Pengangkatan seorang wali atas permintaan keluarga sedarah anak yang belum dewasa, atas permintaan para kreditur atau pihak lain yang berkepentingan, atas permintaan Balai Harta Peninggalan, atas tuntutan jawatan Kejaksaan, ataupun karena jabatan, oleh Pengadilan Negeri yang di daerah hukumnya anak belum dewasa itu bertempat tinggal. Bila anak belum dewasa tidak mempunyai tempat tinggal di Indonesia atau bila tempat tinggalnya tidak diketahui, maka pengangkatan itu dilakukan oleh Pengadilan Negeri di tempat tinggalnya yang terakhir di Indonesia, sedangkan bila ini juga tidak ada, oleh Pengadilan Negeri di Jakarta. Pegawai Catatan Sipil wajib memberitahukan kepada Balai Harta Peninggalan semua peristiwa kematian yang harus dibukukan dalam daftar dengan keterangan apakah orang-orang yang meninggal itu meninggalkan anak belum dewasa, dan memberitahukan segala perlangsungan perkawinan yang akan dibukukan mengenai orang-orang tua yang mempunyai anak yang belum dewasa.",Buku I (Orang),TIDAK_RELEVAN,"unsur: pengangkatan wali, anak belum dewasa, permohonan keluarga/kreditur/Balai/Kejaksaan | fakta: ibu masih hidup dan menjalankan kekuasaan orang tua, tidak ada pembahasan pengangkatan wali oleh pengadilan | TIDAK_RELEVAN",,
65,q688,"Saya beli rumah dari teman, tapi tiba-tiba rumah itu disita karena masalah perceraian mantan pasangannya, dan saya malah tidak bisa pakai atau jual lagi, apa yang harus saya lakukan?",557,Pasal 557,"Pasal 557: Tuntutan untuk mempertahankan besit dapat diajukan terhadap orang-orang yang mengganggu pemegang besit dalam memegang besit itu, bahkan terhadap pemilik barang itu, tetapi tanpa mengurangi hak pemilik itu untuk mengajukan tuntutan berdasarkan hak miliknya. Bila besit itu diperoleh dari pinjam pakai, dengan pencurian atau kekerasan, maka pemegang besit tidak bisa mengajukan tuntutan untuk dipertahankan dalam besitnya terhadap orang dari siapa besit itu diperolehnya atau dari orang dari siapa besit itu diambil.",Buku II (Benda),RELEVAN,"unsur: tuntutan mempertahankan besit, gangguan pemegang besit, pengecualian jika diperoleh dari pinjam pakai/pencurian/kekerasan | fakta: pembeli memiliki besit (penguasaan) rumah. Rumah disita (gangguan). Pasal ini relevan untuk menganalisis apakah pembeli dapat mempertahankan penguasaannya terhadap penyitaan atau pihak ketiga, meskipun ada nuansa ""barang orang lain"". Namun, karena pembeli membeli secara sah (itikad baik), ini adalah dasar pertahanan hak penguasaan. | RELEVAN",,
66,q1249,"Saya beli tanah dari orang tua mereka tahun 83-an dan sudah lunas, tapi sertifikat malah diambil orang lain dan dijaminkan bank, sekarang saya dikejar bayar biaya perkara padahal saya cuma mau hak saya dikembalikan, apa yang harus saya lakukan?",1910,Pasal 1910,"Pasal 1910: Anggota keluarga sedarah dan semenda salah satu pihak dalam garis Iurus, dianggap tidak cakap untuk menjadi saksi; begitu pula suami atau isterinya, sekalipun setelah perceraian. Namun demikian anggota keluarga sedarah dan semenda cakap untuk menjadi saksi: 1. dalam perkara mengenai kedudukan keperdataan salah satu pihak; 2. dalam perkara mengenai nafkah yang harus dibayar menurut Buku Kesatu, termasuk biaya pemeliharaan dan pendidikan seorang anak belum dewasa; 3. dalam suatu pemeriksaan mengenai alasan-alasan yang dapat menyebabkan pembebasan atau pemecatan dari kekuasaan orang tua atau perwalian; 4. dalam perkara mengenai suatu perjanjian kerja. Dalam perkara-perkara ini, mereka yang disebutkan dalam Pasal 1909 nomor 1° dan 2°, tidak berhak untuk minta dibebaskan dan kewajiban memberikan kesaksian.",Buku IV (Pembuktian),TIDAK_RELEVAN,"unsur: kecakapan saksi, anggota keluarga sedarah/semenda, pengecualian dalam perkara kedudukan keperdataan/nafkah/perwalian | fakta: kasus sengketa kepemilikan tanah, tidak membahas masalah kesaksian atau status keluarga sebagai saksi | TIDAK_RELEVAN",,
67,q614,Kenapa perjanjian jual beli tanah yang saya tandatangani dengan orang lain malah dibatalkan karena surat kuasa dari pemiliknya ternyata tidak sah dan dibuat di depan advokat?,1471,Pasal 1471,"Pasal 1471: Jual beli atas barang orang lain adalah batal dan dapat memberikan dasar kepada pembeli untuk menuntut penggantian biaya, kerugian dan bunga, jika ia tidak mengetahui bahwa barang itu kepunyaan orang lain.",Buku III (Perikatan),RELEVAN,"unsur: jual beli barang orang lain, pembeli tidak mengetahui barang milik orang lain, batal demi hukum | fakta: kasus melibatkan jual beli tanah di mana penjual bertindak berdasarkan surat kuasa yang tidak sah (berarti penjual bukan pemilik dan tidak berwenang), sehingga unsur ""jual beli atas barang orang lain"" terpenuhi. Pembatalan perjanjian akibat ketidakwewenangannya relevan dengan pasal ini. | RELEVAN",,
68,q1278,"Saya punya tanah warisan yang sudah saya klaim selama puluhan tahun, tapi sekarang pihak lain mendalilkan bahwa tanah itu sudah jadi milik negara sejak lama dan saya sudah lewat batas waktu untuk menuntutnya kembali. Apakah saya benar-benar kehilangan hak saya hanya karena waktu yang sudah lewat begitu lama?",548,Pasal 548,"Pasal 548: Besit dengan itikad baik memberi hak atas suatu barang kepada pemegangnya: 1. untuk dianggap sebagai pemilik barang untuk sementara, sampai saat barang itu dituntut kembali di muka Hakim; 2. untuk dapat memperoleh hak milik atas barang itu karena lewat waktu; 3. untuk menikmati segala hasilnya sampai saat barang itu dituntut kembali di muka hakim; 4. untuk mempertahankan besitnya bila ia digangu dalam memegangnya, atau dipulihkan kembali besitnya bila ía kehilangan besitnya itu.",Buku II (Benda),RELEVAN,"unsur: besit dengan itikad baik, hak sementara sebagai pemilik, perolehan hak milik lewat waktu, menikmati hasil, mempertahankan besit | fakta: kasus membahas status penguasaan (besit) tanah warisan dan klaim lewat waktu, unsur itikad baik dan perolehan hak lewat waktu relevan | RELEVAN",,
69,q1419,"Saya punya utang ke teman yang sudah lama tidak dibayar, sekarang dia minta denda 6% per tahun mulai Oktober, apakah wajar kalau dia minta itu?",838,Pasal 838,"Pasal 838: Orang yang dianggap tidak pantas untuk menjadi ahli waris, dan dengan demikian tidak mungkin mendapat warisan, ialah: 1. dia yang telah dijatuhi hukuman karena membunuh atau mencoba membunuh orang yang meninggal itu; 2. dia yang dengan putusan Hakim pernah dipersalahkan karena dengan fitnah telah mengajukan tuduhan terhadap pewaris, bahwa pewaris pernah melakukan suatu kejahatan yang diancam dengan hukuman penjara lima tahun atau hukuman yang lebih berat lagi; 3. dia yang telah menghalangi orang yang telah meninggal itu dengan kekerasan atau perbuatan nyata untuk membuat atau menarik kembali wasiatnya; 4. dia yang telah menggelapkan. memusnahkan atau memalsukan wasiat orang yang meninggal itu.",Buku II (Benda),TIDAK_RELEVAN,"unsur: ahli waris tidak pantas, pembunuhan, fitnah, penggelapan wasiat | fakta: kasus tidak melibatkan warisan | TIDAK_RELEVAN",,
70,q1894,Dokumen asli KTP dan akta kelahiran saya kok jadi penting banget buat buktiin kalau nama saya beneran udah diganti? Saya bingung kenapa surat-surat itu harus sesuai sama aslinya biar bisa dipercaya.,263,Pasal 263,"Pasal 263: Tiada seorang pun dapat menyandarkan diri pada kedudukan yang bertentangan dengan kedudukan yang nyata dinikmatinya dan sesuai dengan akta kelahirannya, dan sebaliknya tiada seorang pun dapat menyanggah kedudukan yang dimiliki seorang anak sesuai dengan akta kelahirannya.",Buku I (Orang),RELEVAN,"unsur: larangan menyandarkan diri pada kedudukan bertentangan dengan akta kelahiran, larangan menyanggah kedudukan anak sesuai akta kelahiran | fakta: kasus membahas pentingnya akta kelahiran sebagai bukti kebenaran identitas (nama), yang selaras dengan prinsip bahwa akta kelahiran menentukan kedudukan perdata seseorang | RELEVAN",,
71,q342,"Saya merasa sangat bingung dan tidak adil, bagaimana bisa seseorang bisa memalsukan data orang tua kandungnya sendiri sampai dokumen resmi diterbitkan, lalu saya harus kehilangan hak warisan leluhur saya?",829,Pasal 829,"Pasal 829: Hak pakai atas hutan-hutan dan penanaman-penanaman yang diberikan kepada seseorang, hanya memberi hak untuk menggunakan kayu-kayu yang mati dan mengambil kayu tebang yang diperlukan untuk diri sendiri, dan keluarga serumahnya.",Buku II (Benda),TIDAK_RELEVAN,"unsur: hak pakai hutan, kayu mati, kayu tebang | fakta: kasus tentang pemalsuan data dan warisan, tidak ada unsur hak pakai hutan | TIDAK_RELEVAN",,
72,q1729,"Saya punya tanah tapi orang lain malah bangun rumah di atasnya dan janji tukar tanah malah dibatalkan, apa yang harus saya lakukan?",550,Pasal 550,"Pasal 550: Tuntutan untuk mempertahankan besit boleh diajukan di muka Hakim, bila seseorang terganggu dalam memegang besitnya atas sebidang tanah atau pekarangan, sebuah rumah atau gedung, suatu hak kebendaan atau barang bergerak pada umumnya.",Buku II (Benda),RELEVAN,unsur: tuntutan mempertahankan besit (penguasaan) atas tanah/bangunan | fakta: pemohon merasa haknya atas tanah diganggu oleh bangunan orang lain; ini menyentuh aspek penguasaan/besit | RELEVAN,,
73,q683,"Saya punya wasiat dari nenek saya yang cuma saya yang warisnya, tapi sekarang tanah peninggalannya rusak dan kosong, apakah saya bisa langsung klaim haknya tanpa ribet?",724,Pasal 724,"Pasal 724: Ia berhak mengalihkan haknya kepada orang lain, membebaninya dengan hipotek dan membebani tanah yang dibebani hak guna usaha itu dengan pengabdian pekarangan selama jangka waktu hak guna usahanya.",Buku II (Benda),TIDAK_RELEVAN,unsur: hak guna usaha dapat dialihkan/dibebani hipotek | fakta: kasus tidak melibatkan hak guna usaha | TIDAK_RELEVAN,,
74,q1836,Kenapa KTP dan kartu keluarga saya nggak bisa dipakai buat bukti kalau nama ibu di akta kelahiran saya salah tulis?,10,Pasal 10,"Pasal 10: Diperolehnya suatu nama sesuai dengan ketentuan-ketentuan dalam keempat pasal yang lalu, sekali-kali tidak boleh diajukan sebagal bukti adanya hubungan sanak saudara.",Buku I (Orang),TIDAK_RELEVAN,unsur: nama yang diperoleh tidak boleh diajukan sebagai bukti hubungan sanak saudara | fakta: tidak relevan dengan masalah koreksi data akta | TIDAK_RELEVAN,,
75,q45,"Saya beli tanah dan rumah di bawah tangan tahun 2009 seharga 650 juta, sudah bayar dan tinggal di sana sampai sekarang, tapi kenapa pemilik lama dan keluarganya tidak mau bantu balik nama sertifikat saya?",1957,Pasal 1957,"Pasal 1957: Seseorang yang sekarang menguasai suatu barang, yang membuktikan bahwa ia menguasai sejak dulu, dianggap juga telah menguasainya selama selang waktu antara dulu dan sekarang, tanpa mengurangi pembuktian hal yang sebaliknya.",Buku IV (Pembuktian),RELEVAN,"unsur: penguasaan barang, penguasaan sejak dulu, penguasaan selama selang waktu | fakta: pemohon ""tinggal di sana sampai sekarang"" sejak 2009. Ini menyentuh unsur ""penguasaan"" (besit) yang berkelanjutan. Dalam hukum perdata, penguasaan yang terus-menerus dapat menjadi dasar klaim hak (misalnya lewat acquisitive prescription/verjaring, meski syaratnya 30 tahun untuk tanah). Pasal ini mengatur presumsi penguasaan. Relevan untuk menilai status penguasaan pemohon. | RELEVAN",,
76,q1962,"Saya pinjam uang ke teman dan sudah tanda tangan surat pengakuan hutang, tapi sekarang saya nggak bisa bayar tepat waktu. Apakah surat itu sah dan saya harus bayar apa saja?",1878,Pasal 1878,"Pasal 1878: Perikatan utang sepihak di bawah tangan untuk membayar sejumlah uang tunai atau memberikan barang yang dapat dinilai dengan suatu harga tertentu, harus ditulis seluruhnya dengan tangan si penanda tangan sendiri; setidak-tidaknya, selain tanda tangan, haruslah ditulis dengan tangan si penanda tangan sendiri suatu tanda setuju yang menyebut jumlah uang atau banyaknya barang yang terutang. Jika hal ini tidak diindahkan, maka bila perikatan dipungkiri, akta yang ditandatangani itu hanya dapat diterima sebagai suatu permulaan pembuktian dengan tulisan. Ketentuan-ketentuan pasal ini tidak berlaku terhadap surat-surat andil dalam suatu utang obligasi, terhadap perikatan-perikatan utang yang dibuat oleh debitur dalam menjalankan perusahaannya, dan terhadap akta-akta di bawah tangan yang dibubuhi keterangan sebagaimana termaksud dalam Pasal 1874 alinea kedua dan Pasal 1874 a.",Buku IV (Pembuktian),RELEVAN,"unsur: perikatan utang sepihak di bawah tangan, pembayaran uang tunai/barang bernilai, ditulis seluruhnya tangan sendiri atau tanda setuju jumlah, konsekuensi pembuktian jika dipungkiri | fakta: kasus menyebutkan ""surat pengakuan hutang"" (akta di bawah tangan) yang ditandatangani, yang merupakan inti dari perikatan utang sepihak; sahness surat tersebut bergantung pada pemenuhan syarat formalitas Pasal 1878 | RELEVAN",,
77,q665,"Kenapa saya cuma bisa digugat pakai cara biasa atau minta pembatalan ke pengadilan tinggi, padahal saya cuma mau perlawanan terhadap penetapan izin jual rumah itu?",41,Pasal 41,"Pasal 41: Penetapan-penetapan Pengadilan Negeri dalam hal-hal yang termaksud dalam enam pasal yang lalu, diberikan tanpa bentuk hukum acara. Penetapan-penetapan itu, baik yang mengabulkan permohonan izin, maupun yang menolak, tidak dapat dimohonkan banding. Mendengar mereka yang izinnya diperlukan seperti yang termaksud dalam enam pasal yang lalu. bila mereka bertempat tinggal di luar kabupaten tempat kedudukan pengadilan negeri itu, boleh dilimpahkan kepada Pengadilan Negeri di tempat tinggal atau tempat kedudukan mereka, Pengadilan Negeri mi akan menyampaikan berita acaranya kepada Pengadilan Negeri yang disebut pertama. Pemanggilan mereka yang izinnya diperlukan. dilakukan dengan cara seperti yang ditentukan dalam Pasal 333 tentang keluarga sedarah dan keluarga semenda. Mereka yang disebut pertama, ataupun mereka yang disebut terakhir, boleh mewakilkan diri dengan cara seperti yang tercantum dalam Pasal 334.",Buku I (Orang),RELEVAN,"unsur: penetapan pengadilan (izin), tanpa bentuk hukum acara, larangan banding | fakta: pasal ini secara eksplisit menyatakan bahwa penetapan izin (dalam konteks 6 pasal sebelumnya, yaitu Bab Perwalian/Pengampuan) **tidak dapat dimohonkan banding**. Ini sangat relevan karena kasus menanyakan mengapa hanya bisa perlawanan (dan tidak banding). Meskipun konteks spesifiknya perwalian, prinsip hukum acara ""penetapan izin tidak bisa dibanding"" adalah inti dari pertanyaan pengguna. Namun, karena pasal ini spesifik pada ""enam pasal yang lalu"" (Bab Perwalian), kita perlu melihat apakah kasus ini jatuh di bab tersebut. Jika kasus ini tentang izin jual rumah dalam konteks perwalian/pengampuan, ini RELEVAN. Jika konteksnya lain (misal jual beli biasa), TIDAK. Mengingat frasa ""penetapan izin jual"", ini biasanya masuk ranah non-contentious (perwalian/pengampuan/waris). Pasal ini menjawab *mengapa* tidak bisa banding. | RELEVAN",,
78,q1158,"Saya punya anak usia 11 tahun yang belum bisa mengurus sendiri, tapi saya butuh izin untuk menjual tanah warisan suaminya demi biaya sekolah dan usaha, apakah saya bisa melakukannya sebagai ibunya?",870,Pasal 870,"Pasal 870: Warisan anak di luar kawin yang meninggal tanpa meninggalkan keturunan dan suami atau isteri, jatuh ke tangan bapaknya atau ibunya yang telah memberi pengakuan kepadanya, atau kepada mereka berdua, masing-masing separuh, bila dia telah diakui oleh kedua-duanya.",Buku II (Benda),TIDAK_RELEVAN,unsur: warisan anak di luar kawin | fakta: kasus tidak menyebutkan anak di luar kawin | TIDAK_RELEVAN,,
79,q71,Kenapa bank bisa jual aset rumah saya cuma-cuma tanpa kasih tahu dulu soal detail hutang dan bunga yang sebenarnya?,1466,Pasal 1466,Pasal 1466: Biaya akta jual beli dan biaya tambahan lain dipikul oleh pembeli kecuali kalau diperjanjikan sebaliknya.,Buku III (Perikatan),TIDAK_RELEVAN,"unsur: biaya akta jual beli, dipikul pembeli | fakta: kasus tidak membahas pembagian biaya notaris/akta, melainkan substansi utang dan eksekusi | TIDAK_RELEVAN",,
80,q308,"Ibu saya meninggal, sekarang saya anak yang belum cukup umur ingin menjual tanah warisan ayah untuk biaya sekolah, tapi tidak bisa bertindak sendiri, bagaimana cara saya bisa menjualnya?",399,Pasal 399,"Pasal 399: Wali tidak boleh menjual barang: tak bergerak anak belum dewasa selain dengan lelang umum. Dalam hal itu pembelian tidak akan mempunyai kekuatan, sebelum disahkan oleh Pengadilan Negeri menurut syarat-syaratnya dan ketentuan dalam alinea-alinea kedua, ketiga dan keempat pasal 396.",Buku I (Orang),RELEVAN,"unsur: larangan penjualan barang tak bergerak selain lelang umum, sahkan oleh Pengadilan Negeri | fakta: kasus membahas penjualan tanah. Pasal ini mengatur metode penjualan (lelang) yang wajib diikuti jika izin diberikan. Unsur ini relevan sebagai bagian dari prosedur penjualan | RELEVAN",,
81,q1859,"Istri saya meninggal dan meninggalkan tabungan, tapi anak-anak saya masih kecil. Bagaimana cara saya mencairkan uang itu untuk mereka?",894,Pasal 894,"Pasal 894: Bila oleh satu kecelakaan, atau pada hari yang sama, pewaris dan ahli waris atau penerima hibah wasiat atau orang yang sedianya mengganti mereka itu meninggal tanpa diketuahui siapa dan mereka yang meninggal lebih dulu, maka mereka dianggap telah meninggal pada saat yang sama, dan tidak terjadi peralihan hak-hak wasiat itu.",Buku II (Benda),TIDAK_RELEVAN,"unsur: kematian bersamaan pewaris dan ahli waris, tidak terjadi peralihan hak | fakta: kasus tidak menyebutkan kematian bersamaan | TIDAK_RELEVAN",,
82,q237,"Saya punya dua anak kecil yang belum dewasa, ayah mereka sudah meninggal, dan sekarang saya ingin menjual tanah warisan mereka untuk biaya sekolah dan hidup, tapi saya takut tidak sah karena mereka belum punya wali. Apakah saya bisa langsung menjualnya atau harus ada penetapan khusus dulu?",399,Pasal 399,"Pasal 399: Wali tidak boleh menjual barang: tak bergerak anak belum dewasa selain dengan lelang umum. Dalam hal itu pembelian tidak akan mempunyai kekuatan, sebelum disahkan oleh Pengadilan Negeri menurut syarat-syaratnya dan ketentuan dalam alinea-alinea kedua, ketiga dan keempat pasal 396.",Buku I (Orang),RELEVAN,"unsur: larangan penjualan barang tak bergerak selain lelang umum, pengesahan Pengadilan Negeri | fakta: kasus tentang penjualan tanah (barang tak bergerak). Pasal ini mengatur metode penjualan (lelang) dan pengesahan pengadilan. Sangat relevan dengan pertanyaan ""apakah bisa langsung menjual"" (jawaban: tidak, harus lelang dan izin pengadilan). | RELEVAN",,
83,q631,"Saya bingung, kalau saya punya surat keterangan asli yang sudah dimeterai dan disaksikan dua orang, kenapa dokumen salinannya saja tidak cukup untuk mengubah nama anak saya di catatan sipil?",5a,Pasal 5a,"Pasal 5a: Anak sah, dan juga anak tidak sah namun yang diakui oleh bapaknya, memakai nama keturunan bapaknya; anak-anak tidak sah yang tidak diakui oleh bapaknya, memakai nama keturunan ibunya.",Buku I (Orang),RELEVAN,"unsur: pemakaian nama keturunan (bapak/ibu) oleh anak sah/tidak sah | fakta: kasus membahas perubahan nama, yang berkaitan langsung dengan aturan pemakaian nama keturunan | RELEVAN",,
84,q1046,"Saya sudah nikah tapi terus bertengkar sampai suami saya bilang nggak ada cinta lagi, apakah pernikahan kita bisa bubar?",239,Pasal 239,"Pasal 239: Berkenaan dengan itu Pengadilan Negeri akan memerintahkan kedua suami isteri untuk bersama-sama secara pribadi menghadap seorang atau Iebih anggota yang akan memberi wejangan-wejangan seperlunya kepada mereka. Bila suami isteri itu bertahan dengan niat mereka, Hakim akan memerintahkan mereka untuk menghadap lagi setelah lewat enam bulan. Bila ternyata ada alasan sah yang menghalangi mereka untuk menghadap, maka Hakim yang ditunjukkan harus pergi ke rumah suami isteri itu. Bila suami isteri itu bertempat tinggal di luar daerah di mana Pengadilan Negeri itu bertempat kedudukan, Pengadilan Negeri dapat menunjuk kepada kepala daerah setempat untuk melakukan tindakan-tindakan yang dimaksud dalam tiga alinea yang lalu. Pejabat yang telah ditunjuk itu akan membuat berita acara tentang apa yang telah dilakukannya dan mengirimkannya ke Pengadilan Negeri. Bila salah seorang dan suami isteri atau kedua-duanya bertempat tinggal di luar Indonesia, Pengadilan Negeri itu boleh memohon kepada seorang Hakim di negara tempat suami isteri itu berdiam, untuk memanggil kedua suami isteri atau salah seorang menghadap kepadanya dengan tujuan melakukan ikhtiar perdamaian, atau menugaskan hal itu kepada pejabat perwakilan Indonesia di wilayah tempat suami isteri itu berdiam. Berita acara yang dibuat mengenai hal itu harus dikirimkan kepada Pengadilan Negeri itu.",Buku I (Orang),RELEVAN,"unsur: ikhtiar perdamaian oleh hakim dalam gugatan perceraian | fakta: kasus menanyakan kemungkinan perceraian, pasal ini mengatur prosedur upaya perdamaian dalam perkara perceraian | RELEVAN",,
85,q672,"Saya punya tanah warisan dari suami yang sudah meninggal, tapi salah satu anak saya masih kecil dan belum bisa mengurus sendiri. Bagaimana cara saya menjual tanah itu demi biaya hidup dan pendidikan anak tanpa melanggar aturan supaya aman?",298,Pasal 298,"Pasal 298: Setiap anak, berapa pun juga umurnya, wajib menghormati dan menghargai orang tuanya. Orang tua wajib memelihara dan mendidik anak-anak mereka yang masih di bawah umur. Kehilangan kekuasaan orang tua atau kekuasaan wali tidak membebaskan mereka dari kewajiban untuk memberi tunjangan menurut besarnya pendapat mereka guna membiayai pemeliharaan dan pendidikan anak-anak mereka itu. Bagi yang sudah dewasa berlaku ketentuan-ketentuan yang terdapat dalam Bagian 3 bab ini.",Buku I (Orang),RELEVAN,"unsur: kewajiban orang tua memelihara dan mendidik anak, kewajiban memberi tunjangan | fakta: tujuan penjualan tanah adalah untuk biaya hidup dan pendidikan anak, yang merupakan pemenuhan kewajiban ini | RELEVAN",,
86,q1497,"Saya punya hutang ke teman yang sudah saya jamin dengan sertifikat rumah, tapi sekarang dia tidak mau bayar cicilan dan malah mengabaikan surat peringatan, apa yang harus saya lakukan agar hutang saya bisa dilunasi lewat lelang rumah itu?",392,Pasal 392,"Pasal 392: Bila dalam harta kekayaan anak belum dewasa terdapat sertifikat-sertifikat utang nasional, wali wajib memindahkannya ke dalam buku besar atas nama anak belum dewasa. Surat piutang atas beban Indonesia pun harus dipindahkannya atas nama anak belum dewasa. Dengan ancaman hukuman membayar biaya, kerugian dan bunga, wali pengawas harus berusaha agar peraturan ini dilaksanakan. Bagaimana Balai Harta Peninggalan menurut pasal ini dan pasal-pasal 371 dan 374 harus melaksanakan kewajiban untuk membayar ganti kerugian bagi semua anggota majelis bersamasama atau bagi setiap anggota khususnya, diatur oleh pemerintah dalam sebuah instruksi bagi semua Balai Harta Peninggalan.",Buku I (Orang),TIDAK_RELEVAN,"unsur: harta kekayaan anak belum dewasa, sertifikat utang nasional, kewajiban wali memindahkan ke buku besar, peran Balai Harta Peninggalan | fakta: kasus tentang utang pribadi dewasa dan jaminan hipotek rumah, tidak ada unsur anak belum dewasa atau wali | TIDAK_RELEVAN",,
87,q1155,"Saya beli tanah dari orang itu tahun 2008, bayar lunas, tapi dia kabur dan nggak mau tanda tangan akunya, sekarang gimana cara saya bikin surat jual beli resmi?",425,Pasal 425,"Pasal 425: Untuk kepentingan anak yang masih di bawah umur itu, pemerintah bebas untuk menambahkan pada surat pernyataan dewasa, dia tidak diperbolehkan, sampai dia mencapai umur dua puluh satu tahun penuh, untuk memindahtangankan atau membebani harta tak bergeraknya selain dengan persetujuan Pengadilan Negeri di tempat tinggalnya yang diberikan setelah mendengar atau memanggil secukupnya kedua orang tuanya, atau salah Seorang yang masih hidup dari mereka, atau bila keduanya sudah tidak ada, keluarga-keluarga sedarah atau semenda. Dalam hal penjualan, Pengadilan Negeri boleh juga menyetujui hal itu dilakukan di bawah tangan. Terhadap pemeriksaan kedua orang tua, alinea keempat Pasal 206 berlaku.",Buku I (Orang),TIDAK_RELEVAN,"unsur: anak di bawah umur, surat pernyataan dewasa, larangan memindahtangankan harta tetap tanpa izin pengadilan | fakta: tidak ada indikasi bahwa pembeli atau penjual adalah anak di bawah umur | TIDAK_RELEVAN",,
88,q1429,"Saya sudah dipisahkan suami saya lebih dari dua tahun karena dia pindah ke rumah orang tuanya dan tidak mau lagi hidup bersama, apakah ini sudah cukup alasan untuk mengakhiri perkawinan kami?",1970,Pasal 1970,"Pasal 1970: Tuntutan para advokat untuk pembayaran jasa mereka dan tuntutan para pengacara untuk pembayaran persekot dan upah mereka, hapus karena lewat waktu dengan lewatnya waktu dengan lewatnya waktu dua tahun, terhitung sejak hari diputusnya perkara, hari tercapainya perdamaian antara pihak-pihak yang berperkara, atau hari dicabutnya kuasa pengacara itu. Dalam hal perkara yang tidak selesai, tak dapatlah mereka menuntut pembayaran persekot dan jasa yang telah ditunggak lebih dari sepuluh tahun. Tuntutan para Notaris untuk pembayaran persekot dan upah mereka, lewat waktu juga dengan lewatnya waktu dua tahun, terhitung sejak hari dibuatnya akta yang bersangkutan.",Buku IV (Pembuktian),TIDAK_RELEVAN,"unsur: lewat waktu, jasa advokat/notaris, 2 tahun/10 tahun | fakta: kasus tentang perceraian, tidak membahas lewat waktu jasa hukum | TIDAK_RELEVAN",,
89,q1143,"Saya punya anak kecil yang belum bisa mengurus diri sendiri, istri saya baru saja meninggal, dan sekarang saya bingung bagaimana cara menjual rumah serta mobil milik kita berdua demi biaya hidup dan sekolah mereka tanpa melanggar aturan?",345,Pasal 345,"Pasal 345: Bila salah satu dari orang tua meninggal dunia, maka perwalian anak belum dewasa dipangku demi hukum oleh orang tua yang masih hidup, sejauh orang tua itu tidak dibebaskan atau dipecat dari kekuasaan orang tua.",Buku I (Orang),RELEVAN,"unsur: salah satu orang tua meninggal, perwalian/kekuasaan orang tua berpindah ke orang tua yang masih hidup | fakta: istri meninggal, ayah masih hidup; ini menjadi dasar hukum mengapa ayah memiliki kewenangan penuh atas anak dan harta anak | RELEVAN",,
90,q359,"Saya beli tanah dari seseorang tapi ternyata sertifikat atas nama orang lain, uang muka saya sudah dibayar, sekarang dia bilang tidak bisa jual, apa yang harus saya lakukan?",1471,Pasal 1471,"Pasal 1471: Jual beli atas barang orang lain adalah batal dan dapat memberikan dasar kepada pembeli untuk menuntut penggantian biaya, kerugian dan bunga, jika ia tidak mengetahui bahwa barang itu kepunyaan orang lain.",Buku III (Perikatan),RELEVAN,"unsur: jual beli barang milik orang lain, pembeli tidak mengetahui status kepemilikan, hak menuntut penggantian biaya/kerugian/bunga | fakta: kasus melibatkan jual beli tanah di mana sertifikat atas nama orang lain (barang milik orang lain) dan pembeli telah membayar uang muka (mengalami kerugian), sehingga unsur-unsur ini terpenuhi | RELEVAN",,
91,q644,"Saya bingung, kalau ada orang yang pakai nama saya buat jual beli tanah dan kasih hadiah tanah ke saudara tanpa lewat notaris, itu sah nggak ya?",30,Pasal 30,"Pasal 30: Perkawinan dilarang antara mereka yang satu sama lainnya mempunyai hubungan darah dalam garis ke atas maupun garis ke bawah, baik karena kelahiran yang sah maupun karena kelahiran yang tidak sah, atau karena perkawinan; dalam garis ke samping, antara kakak beradik laki perempuan, sah atau tidak sah.",Buku I (Orang),TIDAK_RELEVAN,unsur: larangan perkawinan sedarah | fakta: tidak ada unsur perkawinan dalam kasus | TIDAK_RELEVAN,,
92,q212,Kenapa saya tidak bisa mengulang sengketa jual beli yang sama dengan pihak yang sama padahal situasinya sudah beda?,1501,Pasal 1501,"Pasal 1501: Dalam hal adanya hukuman untuk menyerahkan sebagian barang yang dijual itu, bila jual beli tidak dibatalkan, pembeli harus diberi ganti rugi untuk bagian yang harus diserahkan, menurut harga taksiran sewaktu ia diharuskan menyerahkan sebagian dari barangnya itu, tetapi tidak menurut perimbangan dengan seluruh harga pembelian, entah barang yang dijual itu telah naik atau telah turun harganya.",Buku III (Perikatan),TIDAK_RELEVAN,"unsur: hukuman menyerahkan sebagian barang, ganti rugi pembeli | fakta: tidak ada fakta mengenai evikusi atau penyerahan sebagian barang | TIDAK_RELEVAN",,
93,q633,"Saya sudah pisah dari suami saya selama enam tahun karena beda agama dan tidak bisa rukun, tapi dia tidak mau hadir di pengadilan, apa yang harus saya lakukan?",364,Pasal 364,"Pasal 364: Ketetapan-ketetapan Pengadilan Negeri tentang perwalian tidak bisa dimintakan banding, kecuali jika ada ketentuan sebaliknya.",Buku I (Orang),TIDAK_RELEVAN,unsur: ketetapan perwalian tidak bisa dibanding | fakta: kasus tidak membahas perwalian | TIDAK_RELEVAN,,
94,q363,"Saya punya masalah, kenapa bank bisa langsung lelang rumah saya padahal saya sudah coba negosiasi dan minta keringanan waktu bayar karena pandemi?",518,Pasal 518,Pasal 518: Istilah 'rumah yang bermebel' atau ‘rumah beserta mebelnya' hanya meliputi perhiasan rumah.,Buku II (Benda),TIDAK_RELEVAN,"unsur: definisi 'rumah bermebel', perhiasan rumah | fakta: tidak relevan dengan konteks utang bank | TIDAK_RELEVAN",,
95,q187,"Saya bingung, kalau sertifikat tanah saya sudah lama terbit tapi ada sertifikat lain yang lebih baru dan klaim warisnya, mana yang benar dan bagaimana cara membuktikan hak saya tanpa harus lewat pengadilan dulu?",572,Pasal 572,"Pasal 572: Setiap hak milik harus dianggap bebas. Barangsiapa menyatakan mempunyai hak atas barang orang lain, harus membuktikan hak itu.",Buku II (Benda),RELEVAN,"unsur: hak milik dianggap bebas, beban pembuktian hak atas barang orang lain | fakta: kasus secara eksplisit menanyakan ""bagaimana cara membuktikan hak saya"" melawan klaim pihak lain. Pasal ini mengatur asas pembuktian hak milik (onus probandi) yang menjadi dasar hukum untuk menjawab pertanyaan pemohon | RELEVAN",,
96,q43,"Saya punya masalah, kenapa bank menolak mengembalikan sisa uang hasil lelang rumah saya yang sudah dijual, padahal mereka sudah menerima uang asuransi dan saya merasa hak saya sebagai ahli waris diabaikan?",813,Pasal 813,"Pasal 813: Hak pakai hasil atas sebuah perahu berakhir, bila perahu itu sedemikian rusak, sehingga tidak dapat diperbaiki lagi. Pemakai hasil tidak berhak atas sebuah bahan-bahan reruntuhan ataupun sisa-sisa perahu tersebut.",Buku II (Benda),TIDAK_RELEVAN,"unsur: hak pakai hasil atas perahu, kerusakan perahu | fakta: objek kasus adalah rumah, bukan perahu | TIDAK_RELEVAN",,
97,q923,"Saya pinjam uang 50 juta ke teman dengan janji bayar dalam 2 bulan plus bunga tinggi, tapi dia nggak lunas sesuai kesepakatan dan sekarang dia menolak bayar sisa uang, apa yang harus saya lakukan?",1212,Pasal 1212,"Pasal 1212: Pembeli yang ingin memanfaatkan hak istimewa tersebut dalam Pasal 1210, dalam waktu satu bulan setelah penunjukkan barang yang bersangkutan kepadanya, wajib berusaha agar diadakan pengaturan urutan tingkat o!eh Hakim, untuk pembagian harga pembelian, sesuai dengan peraturan-peraturan dalam ketentuan-ketentuan Reglemen Acara Perdata.",Buku II (Benda),TIDAK_RELEVAN,"unsur: pembeli, hak istimewa, pengaturan urutan tingkat oleh hakim | fakta: kasus tidak melibatkan jual beli atau hipotek | TIDAK_RELEVAN",,
98,q959,"Saya sudah lunasi hutang ke bank tapi dokumen penting saya malah hilang dan mereka tidak mau mengembalikan, apakah saya berhak minta ganti rugi?",1603r,Pasal 1603r,"Pasal 1603r: Jika salah satu pihak memutuskan hubungan kerja tanpa pernyataan pemutusan hubungan kerja atau tanpa mengindahkan ketentuan-ketentuan yang berlaku bagi pernyataan pemutusan hubungan kerja, sambil membayar ganti rugi kepada pihak lainnya menurut ketentuanketentuan alinea pertama pasal yang lalu, maka pihak lain tersebut, jika hal itu terjadi dalam keadaan yang sedemikian rupa sehingga kerugian yang diderita tidak dapat dianggap cukup diganti dengan ganti rugi yang diterima itu, berhak menuntut ganti rugi lagi di muka Pengadilan.",Buku III (Perikatan),TIDAK_RELEVAN,"unsur: hubungan kerja, pemutusan tanpa pernyataan/ketentuan berlaku, pembayaran ganti rugi awal | fakta: kasus tentang nasabah bank, bukan hubungan kerja (buruh-majikan) | TIDAK_RELEVAN",,
99,q453,"Saya punya anak yang belum cukup umur, bagaimana cara saya mewakili dia untuk mengurus pembagian tanah warisan dari suami saya yang sudah meninggal?",874,Pasal 874,"Pasal 874: Segala harta peninggalan seseorang yang meninggal dunia, adalah kepunyaan para ahli warisnya menurut undang-undang, sejauh mengenai hal itu dia belum mengadakan ketetapan yang sah.",Buku II (Benda),RELEVAN,unsur: harta peninggalan menjadi milik ahli waris menurut undang-undang | fakta: ini adalah prinsip dasar warisan yang menjadi landasan hak anak untuk menerima warisan | RELEVAN,,
100,q975,"Saya bingung, kalau suami istri udah nggak bisa rukun terus-menerus sampai ada perselingkuhan dan pisah rumah, apakah ikatan perkawinan itu bisa putus secara sah tanpa harus menunggu waktu tertentu lagi?",233,Pasal 233,"Pasal 233: Jika ada hal-hal yang dapat menjadi dasar untuk menuntut perceraian perkawinan, suami atau isteri berhak untuk menuntut pisah meja dan ranjang. Gugatan untuk itu dapat juga diajukan atas dasar perbuatan-perbuatan yang melampaui batas kewajaran, penganiayaan dan penghinaan kasar yang dilakukan oleh salah seorang dan suami isteri itu terhadap yang Iainnya.",Buku I (Orang),RELEVAN,"unsur: dasar tuntutan perceraian, hak menuntut pisah meja dan ranjang, perbuatan melampaui batas/penganiayaan | fakta: kasus menyebutkan ""perselingkuhan"" dan ""pisah rumah"". Perselingkuhan sering dikategorikan sebagai perbuatan yang melampaui batas kewajaran atau pengkhianatan. Pasal ini memberikan hak untuk menuntut pisah meja dan ranjang atas dasar tersebut. Ini relevan karena menghubungkan fakta ""perselingkuhan"" dengan konsekuensi hukum (pisah meja/ranjang atau perceraian). | RELEVAN",,
