pair_id	case_id	variant	query_text	article_id	article_title	article_text	llm_label	kuhperdata_book
S001	case_001	summarized	Seorang ayah mengajukan permohonan ke pengadilan untuk mendapatkan kuasa mewakili dua anaknya yang masih di bawah umur guna menjual harta bersama berupa rumah susun dan kendaraan roda empat. Permohonan ini diajukan setelah istri mereka meninggal dunia, dengan tujuan menutupi biaya perawatan yang telah terjadi serta memenuhi kebutuhan sehari-hari dan pendidikan anak-anak tersebut. Pengadilan mengabulkan permohonan tersebut dengan menetapkan ayah sebagai kuasa sah untuk mewakili anak-anak dalam melakukan penjualan harta demi kepentingan mereka.	38	Pasal 38	Pasal 38: Bila bapak dan ibu serta kakek dan nenek si anak tidak ada, atau bila mereka semua berada dalam keadaan tak mampu menyatakan kehendak mereka, anak sah yang masih di bawah umur tidak boleh melakukan perkawinan tanpa izin wali dan wali pengawasnya. Bila baik wali maupun wali pengawas, atau salah seorang dari mereka, menolak untuk memberi izin atau tidak menyatakan pendirian, maka Pengadilan Negeri di daerah tempat tinggal anak yang masih di bawah umur, atas permohonannya berwenang memberi izin untuk melakukan perkawinan, setelah mendengar atau memanggil dengan sah wali, wali pengawas dan keluarga sedarah atau keluarga semenda.	TIDAK_RELEVAN	Buku I (Orang)
H002	case_002	humanized	Saya punya tiga anak yang masih kecil, suami saya sudah meninggal, dan sekarang nenek mereka ingin membagi warisan. Apakah saya sebagai ibu yang masih hidup bisa langsung mewakili anak-anak saya untuk ikut dalam pembagian itu tanpa harus ditunjuk sebagai wali lagi?	370	Pasal 370	Pasal 370: Kewajiban wali pengawas adalah mewakili kepentingan anak belum dewasa, bila kepentingan ini bertentangan dengan kepentingan wali tanpa mengurangi kewajiban-kewajiban khusus, yang dibebankan kepada Balai Harta Peninggalan dalam surat instruksinya pada waktu Balai Harta Peninggalan itu diperintahkan memangku perwalian pengawas. Dengan ancaman hukuman mengganti biaya, kerugian dan bunga, wali pengawas wajib memaksa wali untuk membuat daftar atau perincian barang-barang harta peninggalan dalam segala warisan yang jatuh ke tangan anak belum dewasa.	RELEVAN	Buku I (Orang)
S003	case_003	summarized	Seorang pembeli telah melakukan transaksi jual beli tanah dan bangunan dengan pewaris almarhum, di mana harga disepakati sebesar 5,5 miliar rupiah dan telah dibayar lunas melalui transfer langsung serta fasilitas kredit bank. Setelah pembayaran lunas dan pelunasan, pembeli telah melakukan balik nama sertifikat atas namanya. Namun, muncul sengketa ketika salah satu ahli waris lain dari almarhum mengajukan tuntutan untuk membatalkan transaksi tersebut, menimbulkan konflik mengenai keabsahan perjanjian dan hak kepemilikan yang telah dialihkan kepada pembeli.	1458	Pasal 1458	Pasal 1458: Jual beli dianggap telah terjadi antara kedua belah pihak, segera setelah orang-orang itu mencapai kesepakatan tentang barang tersebut beserta harganya, meskipun barang itu belum diserahkan dan harganya belum dibayar.	RELEVAN	Buku III (Perikatan)
H004	case_004	humanized	Saya beli tanah dan bayar lunas, tapi penjual masih ngelarang saya masuk ke tanah itu, apa yang harus saya lakukan?	1458	Pasal 1458	Pasal 1458: Jual beli dianggap telah terjadi antara kedua belah pihak, segera setelah orang-orang itu mencapai kesepakatan tentang barang tersebut beserta harganya, meskipun barang itu belum diserahkan dan harganya belum dibayar.	RELEVAN	Buku III (Perikatan)
S005	case_005	summarized	Seorang wanita mengajukan permohonan untuk mengakhiri perkawinannya dengan suaminya yang telah meninggalkan rumah tangga mereka sejak tahun 1992 tanpa izin dan tanpa alasan yang dibenarkan. Wanita tersebut berusaha membuktikan bahwa tujuan perkawinan untuk membentuk keluarga yang bahagia dan kekal tidak dapat tercapai karena ditinggalkan oleh pasangannya selama puluhan tahun, sehingga ia perlu meneguhkan haknya untuk bercerai melalui pembuktian fakta-fakta tersebut.	1456	Pasal 1456	Pasal 1456: Tuntutan untuk pernyataan batalnya suatu perikatan, gugur jika perikatan itu dikuatkan secara tegas atau secara diam-diam, sebagai berikut: oleh anak yang belum dewasa, setelah ia menjadi dewasa; oleh orang yang berada di bawah pengampuan, setelah pengampuannya dihapuskan, oleh perempuan bersuami yang bertindak tanpa bantuan suaminya, setelah perkawinannya bubar; oleh orang yang mengajukan alasan adanya paksaan, penyesatan atau penipuan, setelah paksaan itu berhenti atau setelah penyesatan atau penipuan itu diketahuinya.	TIDAK_RELEVAN	Buku III (Perikatan)
H006	case_006	humanized	Kenapa saya harus bayar sisa hutang kalau ruko sudah saya serahkan sebagai ganti uang, dan apakah pengurus koperasi pribadi harus ikut bertanggung jawab?	1535	Pasal 1535	Pasal 1535: Ia tidak bertanggung jawab atas kemampuan debitur kecuali jika ia mengikatkan dirinya untuk itu, tetapi dalam hak demikian pun ia hanya bertanggung jawab untuk jumlah harga pembelian yang telah diterimanya.	TIDAK_RELEVAN	Buku III (Perikatan)
H007	case_007	humanized	Saya punya masalah sama keluarga saya soal tanah warisan suami saya yang sudah dijual tanpa saya setuju, dan sekarang saya rugi jutaan rupiah, apa yang harus saya lakukan?	1537	Pasal 1537	Pasal 1537: Barang siapa menjual suatu warisan tanpa memberi keterangan tentang barang demi barang, tidaklah menanggung apa-apa selain kedudukannya sebagai ahli waris.	RELEVAN	Buku III (Perikatan)
H008	case_008	humanized	Saya punya hutang ke teman yang sudah jatuh tempo tapi belum dibayar lunas, apakah saya harus ganti rugi biaya tambahan selain pokok dan bunga?	1785	Pasal 1785	Pasal 1785: Pemilik bunga cagak hidup hanya berhak atas bunga itu menurut jumlah hari seumur hidup orang yang atas dirinya telah diadakan bunga cagak hidup itu. Akan tetapi jika menurut persetujuan harus dibayar terlebih dahulu bunganya, maka hak atas angsuran yang sedianya sudah harus terbayar, baru diperoleh mulai hari pembayaran itu seharusnya dilakukan.	TIDAK_RELEVAN	Buku III (Perikatan)
S009	case_009	summarized	Seorang anak kandung mengajukan sengketa terhadap suami kedua dari ibunya yang telah meninggal, terkait kepemilikan rumah warisan ibunya. Suami tersebut menjual rumah tersebut tanpa persetujuan ahli waris lainnya, padahal secara hukum rumah tersebut menjadi hak milik bersama para ahli waris. Selain itu, suami tersebut juga dituduh menggelapkan harta gono-gini yang seharusnya menjadi hak waris anak kandung tersebut.	856	Pasal 856	Pasal 856: Bila seseorang meninggal tanpa meninggalkan seorang keturunan ataupun suami dan isteri, sedangkan bapak dan ibunya telah meninggal lebih dahulu, maka saudara laki-laki dan perempuan mewarisi seluruh warisannya.	TIDAK_RELEVAN	Buku II (Benda)
S010	case_010	summarized	Seorang direktur utama perusahaan konsultasi teknologi menyalahgunakan jabatannya untuk menjual kembali aplikasi milik perusahaan asalnya kepada pihak ketiga secara ilegal setelah layanan tersebut dihentikan. Dirinya kemudian membuat surat pernyataan mengakui kerugian yang ditimbulkan dan berjanji mengembalikan dana dalam waktu tertentu, namun gagal memenuhi kewajiban pembayaran tersebut. Pihak perusahaan asal menuntut pemenuhan janji pembayaran ganti rugi, sementara mantan direktur tersebut membantah dengan alasan surat pernyataan tersebut dibuat di bawah tekanan, namun hal ini tidak terbukti.	1371	Pasal 1371	Pasal 1371: Menyebabkan luka atau cacat anggota badan seseorang dengan sengaja atau karena kurang hati-hati, memberi hak kepada korban selain untuk menuntut penggantian biaya pengobatan, juga untuk menuntut penggantian kerugian yang disebabkan oleh luka atau cacat badan tersebut. Juga penggantian kerugian ini dinilai menurut kedudukan dan kemampuan kedua belah pihak dan menurut keadaan. Ketentuan terakhir ini pada umumnya berlaku dalam hal menilai kerugian yang ditimbulkan oleh suatu kejahatan terhadap pribadi seseorang.	TIDAK_RELEVAN	Buku III (Perikatan)
S011	case_011	summarized	Seorang ibu mengajukan permohonan ke pengadilan untuk mendapatkan izin mewakili anaknya yang berusia 11 tahun dalam menjual sebidang tanah warisan dari suaminya yang telah meninggal. Anak tersebut dinyatakan belum dewasa dan tidak cakap melakukan perbuatan hukum, sehingga ibunya sebagai orang tua kandung ditunjuk untuk bertindak atas namanya. Setelah pemeriksaan, hakim mengabulkan permohonan tersebut dengan memberikan penetapan izin kepada ibu untuk mewakili anak dalam transaksi jual beli tanah tersebut.	35	Pasal 35	Pasal 35: Untuk melaksanakan perkawinan, anak sah di bawah umur memerlukan izin kedua orang tuanya. Akan tetapi bila hanya salah seorang dan mereka memberi izin dan yang lainnya telah dipecat dan kekuasaan orang tua atau perwalian atas anak itu, maka Pengadilan Negeri di daerah tempat tinggal anak itu, atas permohonannya, berwenang memberi izin melakukan perkawinan itu, setelah mendengar atau memanggil dengan sah mereka yang izinnya menjadi syarat beserta keluarga sedarah atau keluarga-keluarga semenda. Bila salah satu orang tua telah meninggal atau berada dalam keadaan tak mampu menyatakan kehendaknya, maka izin cukup diperoleh dan orang tua yang lain.	TIDAK_RELEVAN	Buku I (Orang)
H012	case_012	humanized	Suami saya sering pulang larut malam tanpa kabar dan tidak pernah memberi nafkah, sampai kami sudah pisah ranjang hampir dua tahun. Apakah saya bisa bercerai kalau dia tidak mau hadir di pengadilan?	233	Pasal 233	Pasal 233: Jika ada hal-hal yang dapat menjadi dasar untuk menuntut perceraian perkawinan, suami atau isteri berhak untuk menuntut pisah meja dan ranjang. Gugatan untuk itu dapat juga diajukan atas dasar perbuatan-perbuatan yang melampaui batas kewajaran, penganiayaan dan penghinaan kasar yang dilakukan oleh salah seorang dan suami isteri itu terhadap yang Iainnya.	RELEVAN	Buku I (Orang)
H013	case_013	humanized	Saya punya tanah warisan dari suami yang sudah meninggal, tapi salah satu anak saya masih kecil dan belum bisa mengurus sendiri. Bagaimana cara saya menjual tanah itu demi biaya hidup dan pendidikan anak tanpa melanggar aturan supaya aman?	298	Pasal 298	Pasal 298: Setiap anak, berapa pun juga umurnya, wajib menghormati dan menghargai orang tuanya. Orang tua wajib memelihara dan mendidik anak-anak mereka yang masih di bawah umur. Kehilangan kekuasaan orang tua atau kekuasaan wali tidak membebaskan mereka dari kewajiban untuk memberi tunjangan menurut besarnya pendapat mereka guna membiayai pemeliharaan dan pendidikan anak-anak mereka itu. Bagi yang sudah dewasa berlaku ketentuan-ketentuan yang terdapat dalam Bagian 3 bab ini.	RELEVAN	Buku I (Orang)
H014	case_014	humanized	Saya beli tanah dari teman yang sudah meninggal, tapi anak-anaknya malah ngotot nggak mau urus sertifikat dan malah tuduh saya curang, gimana cara saya bikin adil?	842	Pasal 842	Pasal 842: Penggantian yang terjadi dalam garis lurus ke bawah yang sah, berlangsung terus tanpa akhir. Penggantian itu diizinkan dalam segala hat, baik bila anak-anak dan orang yang meninggal menjadi ahli waris bersama-sama dengan keturunan-keturunan dan anak yang meninggal lebih dahulu, maupun bila semua keturunan mereka mewaris bersama-sama, seorang dengan yang lain dalam pertalian keluarga yang berbeda-beda derajatnya.	TIDAK_RELEVAN	Buku II (Benda)
S015	case_015	summarized	Seorang ibu mengajukan permohonan penetapan perwalian untuk mewakili dua anaknya yang belum dewasa setelah suaminya meninggal dunia, dengan tujuan agar ia dapat secara sah menjual sebidang tanah warisan milik keluarga demi kepentingan pendidikan dan kebutuhan hidup anak-anaknya.	393	Pasal 393	Pasal 393: Wali tidak boleh meminjam uang untuk kepentingan anak belum dewasa, juga tidak boleh mengasingkan atau menggadaikan barang-barang tak bergerak, pula tidak boleh menjual atau memindahtangankan surat-surat utang negara, piutang-piutang dan andil-andil, tanpa memperoleh kuasa untuk itu dari Pengadilan Negeri Pengadilan Negeri tidak akan memberikan kuasa ini, kecuali atas dasar keperluan yang mutlak atau bila jelas bermanfaat dan setelah mendengar atau memanggil dengan sah keluarga semenda atau sedarah anak belum dewasa dan wali pengawas.	RELEVAN	Buku I (Orang)
S016	case_016	summarized	Seorang pria dan wanita yang telah menikah dan dikaruniai seorang anak mengalami perselisihan terus-menerus sehingga tidak lagi tinggal bersama. Wanita tersebut mengajukan permohonan cerai karena hubungan rumah tangga telah retak, namun pria tersebut tidak memberikan jawaban maupun hadir dalam proses persidangan meskipun telah dipanggil secara sah. Hakim kemudian memeriksa perkara tanpa kehadiran pria tersebut dan mengabulkan permohonan cerai, sekaligus menetapkan hak asuh anak kepada wanita berdasarkan fakta pengasuhan dan kesepakatan sebelumnya.	206	Pasal 206	Pasal 206: Pembubaran perkawinan tidak mengurangi akibat-akibat yang diatur dalam Pasal 222 sampai dengan Pasal 228 dan Pasal 231 yang berdasarkan Pasal 246 juga berlaku terhadap pisah meja dan ranjang, dan juga tidak mengurangi syarat-syarat, yang berdasarkan permufakatan berkenaan dengan pasal 237, telah ditetapkan oleh suami isteri itu, baik terhadap diri mereka maupun terhadap pemeliharaan dan pendidikan anak-anak. Pada waktu memutuskan pisah meja dan ranjang itu, Hakim mengangkat salah seorang dan antara orang tua yang telah melakukan kekuasaan orang tua sebagai wali. Atas permohonan kedua orang tua atau salah seorang dan mereka, Pengadilan Negeri berdasarkan keadaan yang timbul setelah putusan pembubaran perkawinan mempunyai kekuatan hukum yang pasti, boleh mengubah penetapan yang telah diberikan berdasarkan alinea yang lalu, dan persyaratan-persyaratan terhadap anak-anak seperti yang termaksud dalam alinea pertama, setelah mendengar atau memanggil dengan sah para orang tua, wali pengawasnya dan keluarga sedarah atau semenda dan anak-anak yang masih di bawah umur. Boleh dinyatakan, bahwa penetapan ini dapat segera dilaksanakan, meskipun ada perlawanan atau banding dengan atau tanpa jaminan. Pemeriksaan terhadap orang tua dan wali pengawas yang bertempat tinggal di luar daerah hukum Pengadilan Negeri itu, boleh dilimpahkan kepada Pengadilan Negeri di tempat tinggal atau tempat kediaman mereka, yang akan menyampaikan berita acara tentang hal itu kepada Pengadilan Negeri tersebut pertama. Pemanggilan para orang tua dan wali pengawas dilakukan dengan cara seperti yang ditentukan dalam Pasal 333 terhadap keluarga sedarah dan semenda. Mereka dapat mewakilkan diri dengan cara seperti yang ditentukan dalam Pasal 334. Salah satu dari kedua orang tua yang tidak mengajukan permohonan dan yang tidak menghadap atas panggilan boleh mengadakan perlawanan dalam waktu tiga puluh hari setelah suatu penetapan atau suatu akta yang dibuat berdasarkan hal itu atau untuk pelaksanaan penetapan itu, disampaikan kepada orang tua itu sendiri, atau setelah dia melakukan suatu perbuatan yang tak dapat tidak memberi kesimpulan, bahwa dia telah mengerti tentang penetapan itu atau tentang pelaksanaannya yang dimulai. Orang tua yang permohonannya telah ditolak, dan orang tua yang kendati melakukan perlawanan telah dinyatakan salah, demikian pula yang perlawanannya telah ditolak, boleh mohon banding dalam waktu tiga puluh hari setelah keputusan diucapkan. Bila anak yang belum dewasa belum benar-benar berada dalam kekuasaan orang yang berdasarkan salah satu ketentuan pasal ini ditugaskan menjadi wali, maka dalam putusan itu atau dalam penetapan harus diperintahkan juga penyerahan anak-anak itu. Ketentuanketentuan alinea kedua, ketiga, keempat dan kelima Pasal 319h berlaku terhadap hal ini.	RELEVAN	Buku I (Orang)
S017	case_017	summarized	Seorang istri yang bertindak sebagai ahli waris dari almarhum Muin Abadi bersengketa dengan para ahli waris dari almarhum Abdullah Rozaq terkait hutang piutang sebesar 12 juta rupiah yang telah dibuktikan dengan akta pengakuan hutang. Hutang tersebut dijamin dengan sertifikat tanah yang dibebani hak tanggungan, namun pihak berutang menolak membayar sesuai nilai hutang asli dan justru diminta melunasi sebesar 100 juta rupiah sesuai nilai tanah, yang dianggap tidak sesuai dengan kesepakatan awal.	1300	Pasal 1300	Pasal 1300: Asas yang ditentukan dalam pasal yang lalu, dikecualikan terhadap: 1. jika utang itu berkenaan dengan suatu hipotek; 2. jika utang itu terdiri atas suatu barang tertentu; 3. jika utang itu mengenai berbagai utang yang dapat dipilih, terserah kepada kreditur, sedang salah satu dari barang-barang itu tak dapat dibagi; 4. jika menurut persetujuan hanya salah satu ahli waris saja yang diwajibkan melaksanakan perikatan itu; 5. jika ternyata dengan jelas, baik karena sifat perikatan, maupun karena sifat barang yang menjadi pokok perikatan, atau karena maksud yang terkandung persetujuan itu, bahwa maksud kedua belah pihak adalah bahwa utangnya tidak dapat diangsur. Dalam ketiga hal yang pertama, ahli waris yang menguasai barang yang harus diserahkan atau barang yang menjadi tanggungan hipotek, dapat dituntut membayar seluruh utangnya, pembayaran mana dapat dilakukan atas barang yang harus diserahkan itu atau atas barang yang dijadikan tanggungan hipotek, tanpa mengurangi haknya untuk menuntut penggantian biaya kepada ahli waris lainnya. Ahli waris yang dibebani dengan utang dalam hal yang keempat, dan tiap ahli waris dalam hal yang kelima, dapat pula dituntut untuk seluruh utang, tanpa mengurangi hak mereka untuk minta ganti rugi dari ahli waris yang lain.	RELEVAN	Buku III (Perikatan)
S018	case_018	summarized	Seorang anak mengajukan permohonan agar ibunya yang menderita penyakit Demensia Alzheimer dan Parkinson ditetapkan sebagai orang yang tidak cakap bertindak sendiri, sehingga anak tersebut ditunjuk sebagai wali pengampu untuk melindungi kepentingan dan mengurus harta bendanya. Setelah pemeriksaan saksi dan keterangan medis yang menunjukkan penurunan daya ingat serta kebutuhan bantuan sehari-hari, permohonan tersebut dikabulkan dan anak resmi ditunjuk sebagai pengampu ibunya.	440	Pasal 440	Pasal 440: Bila Pengadilan Negeri, setelah mendengar atau memanggil dengan sah keluarga sedarah atau semenda, dan setelah mendengar pula orang yang dimintakan pengampuan, berpendapat bahwa telah cukup keterangan yang diperoleh, maka Pengadilan dapat memberi keputusan tentang surat permintaan itu tanpa tata cara lebih lanjut, dalam hal yang sebaliknya, Pengadilan Negeri harus memerintahkan pemeriksaan saksi-saksi agar peristiwa-peristiwa yang dikemukakannya menjadi jelas.	RELEVAN	Buku I (Orang)
S019	case_019	summarized	Seorang peminjam yang direkomendasikan oleh sebuah koperasi swasta untuk mendapatkan pinjaman tanpa agunan dari sebuah bank swasta mengalami kesulitan membayar angsuran akibat pemotongan gaji selama masa pandemi. Bank menuntut pembayaran tunggakan kepada peminjam dan juga meminta koperasi bertanggung jawab atas kerugian tersebut berdasarkan perjanjian kerjasama yang mereka buat. Namun, koperasi bersikeras bahwa kewajiban pembayaran hanya ada pada peminjam dan mereka tidak bersalah karena tidak melakukan kelalaian. Pengadilan akhirnya memutuskan bahwa peminjam wajib membayar hutang pokok, bunga, dan denda, tetapi menolak tuntutan agar koperasi bertanggung jawab atas tunggakan tersebut.	1250	Pasal 1250	Pasal 1250: Dalam perikatan yang hanya berhubungan dengan pembayaran sejumlah uang, penggantian biaya, kerugian dan bunga yang timbul karena keterlambatan pelaksanaannya, hanya terdiri atas bunga yang ditentukan oleh undang-undang tanpa mengurangi berlakunya peraturan undangundang khusus. Penggantian biaya, kerugian dan bunga itu wajib dibayar, tanpa perlu dibuktikan adanya suatu kerugian o!eh kreditur. Penggantian biaya,. kerugian dan bunga itu baru wajib dibayar sejak diminta di muka Pengadilan, kecuali bila undang-undang menetapkan bahwa hal itu berlaku demi hukum.	RELEVAN	Buku III (Perikatan)
H020	case_020	humanized	Kenapa nama ibu saya di akta kelahiran beda sama di KTP dan KK sih? Saya mau perbaiki supaya urusannya lancar, tapi butuh bukti yang valid.	6	Pasal 6	Pasal 6: Tak seorang pun diperbolehkan mengganti nama keturunannya, atau menambahkan nama lain pada namanya tanpa izin Presiden. Barang siapa nama tidak dikenal keturunan atau nama depannya, diperbolehkan mengambil suatu nama keturunan atau nama depan, asalkan dengan izin Presiden.	RELEVAN	Buku I (Orang)
H021	case_021	humanized	Saya beli tanah dari teman tapi ternyata dia jual ke orang lain dan saya malah kena masalah, apakah saya bisa menuntut balik uang dan ganti rugi?	1471	Pasal 1471	Pasal 1471: Jual beli atas barang orang lain adalah batal dan dapat memberikan dasar kepada pembeli untuk menuntut penggantian biaya, kerugian dan bunga, jika ia tidak mengetahui bahwa barang itu kepunyaan orang lain.	RELEVAN	Buku III (Perikatan)
H022	case_022	humanized	Saya punya masalah dengan suami saya yang sudah 8 tahun tinggal terpisah, dia sering mabuk dan selingkuh, apakah hubungan rumah tangga kami bisa dipertahankan lagi?	209	Pasal 209	Pasal 209: Dasar-dasar yang dapat berakibat perceraian perkawinan hanya sebagai berikut: 1. zina; 2. meninggalkan tempat tinggal bersama dengan itikad buruk; 3. dikenakan hukuman penjara lima tahun atau hukuman yang lebih berat lagi, setelah dilangsungkan perkawinan; 4. pencederaan berat atau penganiayaan, yang dilakukan oleh salah seorang dan suami isteri itu terhadap yang lainnya sedemikian rupa, sehingga membahayakan keselamatan jiwa, atau mendatangkan luka-luka yang berbahaya.	RELEVAN	Buku I (Orang)
S023	case_023	summarized	Seorang ibu mengajukan permohonan pemutusan hubungan dengan suaminya karena hubungan rumah tangga mereka telah hancur total akibat sikap kasar dan ketidakharmonisan yang berkepanjangan selama lebih dari satu dekade. Dari perkawinan tersebut lahir seorang anak laki-laki yang selama ini diasuh oleh sang ibu. Meskipun suami tidak hadir dalam persidangan, hakim memutuskan bahwa perkawinan harus dibubarkan dan menetapkan hak pengasuhan serta pemeliharaan anak diberikan kepada sang ibu, dengan tetap memberikan hak kunjungan kepada sang ayah.	206	Pasal 206	Pasal 206: Pembubaran perkawinan tidak mengurangi akibat-akibat yang diatur dalam Pasal 222 sampai dengan Pasal 228 dan Pasal 231 yang berdasarkan Pasal 246 juga berlaku terhadap pisah meja dan ranjang, dan juga tidak mengurangi syarat-syarat, yang berdasarkan permufakatan berkenaan dengan pasal 237, telah ditetapkan oleh suami isteri itu, baik terhadap diri mereka maupun terhadap pemeliharaan dan pendidikan anak-anak. Pada waktu memutuskan pisah meja dan ranjang itu, Hakim mengangkat salah seorang dan antara orang tua yang telah melakukan kekuasaan orang tua sebagai wali. Atas permohonan kedua orang tua atau salah seorang dan mereka, Pengadilan Negeri berdasarkan keadaan yang timbul setelah putusan pembubaran perkawinan mempunyai kekuatan hukum yang pasti, boleh mengubah penetapan yang telah diberikan berdasarkan alinea yang lalu, dan persyaratan-persyaratan terhadap anak-anak seperti yang termaksud dalam alinea pertama, setelah mendengar atau memanggil dengan sah para orang tua, wali pengawasnya dan keluarga sedarah atau semenda dan anak-anak yang masih di bawah umur. Boleh dinyatakan, bahwa penetapan ini dapat segera dilaksanakan, meskipun ada perlawanan atau banding dengan atau tanpa jaminan. Pemeriksaan terhadap orang tua dan wali pengawas yang bertempat tinggal di luar daerah hukum Pengadilan Negeri itu, boleh dilimpahkan kepada Pengadilan Negeri di tempat tinggal atau tempat kediaman mereka, yang akan menyampaikan berita acara tentang hal itu kepada Pengadilan Negeri tersebut pertama. Pemanggilan para orang tua dan wali pengawas dilakukan dengan cara seperti yang ditentukan dalam Pasal 333 terhadap keluarga sedarah dan semenda. Mereka dapat mewakilkan diri dengan cara seperti yang ditentukan dalam Pasal 334. Salah satu dari kedua orang tua yang tidak mengajukan permohonan dan yang tidak menghadap atas panggilan boleh mengadakan perlawanan dalam waktu tiga puluh hari setelah suatu penetapan atau suatu akta yang dibuat berdasarkan hal itu atau untuk pelaksanaan penetapan itu, disampaikan kepada orang tua itu sendiri, atau setelah dia melakukan suatu perbuatan yang tak dapat tidak memberi kesimpulan, bahwa dia telah mengerti tentang penetapan itu atau tentang pelaksanaannya yang dimulai. Orang tua yang permohonannya telah ditolak, dan orang tua yang kendati melakukan perlawanan telah dinyatakan salah, demikian pula yang perlawanannya telah ditolak, boleh mohon banding dalam waktu tiga puluh hari setelah keputusan diucapkan. Bila anak yang belum dewasa belum benar-benar berada dalam kekuasaan orang yang berdasarkan salah satu ketentuan pasal ini ditugaskan menjadi wali, maka dalam putusan itu atau dalam penetapan harus diperintahkan juga penyerahan anak-anak itu. Ketentuanketentuan alinea kedua, ketiga, keempat dan kelima Pasal 319h berlaku terhadap hal ini.	RELEVAN	Buku I (Orang)
S024	case_024	summarized	Seorang pria dan wanita yang telah menikah secara agama dan mencatatkan perkawinannya secara resmi dikaruniai empat anak. Sejak tahun 2023, hubungan rumah tangga mereka retak akibat perbedaan prinsip dan ketidakmampuan pria tersebut menafkahi keluarga, sehingga keduanya memutuskan untuk hidup terpisah. Wanita tersebut kemudian mengajukan permohonan cerai karena tidak ada harapan untuk kembali hidup rukun, dengan mengandalkan bukti surat nikah dan dokumen keluarga lainnya sebagai dasar fakta perkawinan yang sah.	901	Pasal 901	Pasal 901: Seorang suami atau isteri tidak dapat memperoleh keuntungan dan wasiat-wasiat isteri atau suaminya, bila perkawinannya dilaksanakan tanpa izin yang sah, dan si pewaris telah meninggal pada waktu keabsahan perkawinan itu masih dapat dipertengkarkan di Pengadilan karena persoalan tersebut.	TIDAK_RELEVAN	Buku II (Benda)
H025	case_025	humanized	Suami saya meninggal dan saya punya dua anak yang belum cukup umur, bagaimana cara saya mewakili mereka untuk menjual tanah warisan demi biaya hidup dan pendidikan mereka?	873	Pasal 873	Pasal 873: Bila salah seorang dan keluarga sedarah tersebut meninggal dunia tanpa meninggalkan keluarga sedarah dalam derajat yang diperkenankan mendapat warisan dan tanpa meninggalkan suami atau isteri, maka anak di luar kawin yang diakui berhak menuntut seluruh warisan untuk diri sendiri dengan mengesampingkan negara. Bila anak di luar kawin itu meninggal juga tanpa meninggalkan keturunan, suami atau isteri yang hidup terlama, orangtua, saudara laki-laki atau perempuan di luar kawin atau keturunan mereka ini, maka harta peninggalan anak di luar kawin itu menjadi hak keluarga sedarah terdekat dan bapak atau ibu yang telah memberikan pengakuan kepadanya, dengan mengesampingkan negara bila keduanya telah mengakuinya maka separuh dan harta peninggalannya itu menjadi hak keluarga sedarah bapaknya, dan yang separuh lagi menjadi hak keluarga sedarah ibunya. Pembagian dalam kedua garis dilakukan menurut peraturan mengenai pewarisan biasa.	TIDAK_RELEVAN	Buku II (Benda)
S026	case_026	summarized	Seorang pemilik hutang dan pasangannya menandatangani perjanjian pinjaman dengan seorang pemberi pinjaman sebesar 150 juta rupiah dengan jangka waktu satu tahun, di mana tanah milik pemilik hutang dijadikan jaminan pelunasan. Setelah melewati waktu jatuh tempo, pemilik hutang gagal membayar angsuran secara tepat waktu, sehingga pemberi pinjaman berhak menagih seluruh hutang sekaligus dan menjual jaminan tanah tersebut sesuai kesepakatan yang telah ditandatangani sebelumnya.	1162	Pasal 1162	Pasal 1162: Hipotek adalah suatu hak kebendaan atas barang tak bergerak yang dijadikan jaminan dalam pelunasan suatu perikatan.	RELEVAN	Buku II (Benda)
S027	case_027	summarized	Seorang pemilik tanah yang memperoleh hak sejak tahun 1972 melalui perjanjian jual beli dengan para ahli waris, namun belum memiliki sertifikat resmi, bersengketa dengan pihak lain yang memiliki sertifikat hak milik atas tanah yang sama. Pihak pertama mengklaim bahwa penerbitan sertifikat atas nama pihak kedua adalah perbuatan melawan hukum karena objek tanah tersebut sebenarnya miliknya, sementara pihak kedua membantah dengan menyatakan bahwa mereka telah membeli tanah tersebut secara sah dan patut dari pemilik sebelumnya. Sengketa ini berpusat pada keabsahan dokumen peralihan hak yang memiliki kesalahan penulisan persil dan ketidakjelasan bukti kepemilikan, serta tuntutan ganti rugi atas kerugian materiil dan immateriil yang dialami oleh pihak pertama akibat hilangnya penguasaan atas tanahnya.	1862	Pasal 1862	Pasal 1862: Perdamaian mengenai sengketa yang sudah diakhiri dengan suatu keputusan Hakim telah memperoleh kekuatan hukum yang pasti, namun tidak diketahui oleh kedua belah pihak atau salah satu, adalah batal. Jika keputusan yang tidak diketahui itu masih dapat dimintakan banding, maka perdamaian mengenai sengketa yang bersangkutan adalah sah.	TIDAK_RELEVAN	Buku III (Perikatan)
H028	case_028	humanized	Saya punya anak belum dewasa yang butuh uang untuk sekolah, tapi tanah warisan dari suami saya belum bisa dijual tanpa izin pengadilan, apa yang harus saya lakukan?	396	Pasal 396	Pasal 396: Pengadilan Negeri boleh mengizinkan penjualan di bawah tangan suatu barang tak bergerak dalam hal-hal yang luar biasa dan bila kepentingan anak belum dewasa menghendakinya. Izin itu tidak akan diberikan, kecuali atas permintaan wali yang harus disertai alasan-alasannya dan dengan persetujuan bersama dari wali pengawas dan keluarga sedarah atau semenda. Bila keluarga sedarah atau semenda tidak semua datang menghadap atas panggilan, maka cukup persetujuan bersama dari mereka yang datang. Barang tidak bergerak itu tidak boleh dijual dengan harga yang lebih rendah dari harga yang sebelum pemberian izin telah ditaksir oleh tiga orang ahli yang diangkat oleh Pengadilan Negeri.	RELEVAN	Buku I (Orang)
H029	case_029	humanized	Gue udah 23 tahun dan merasa udah dewasa, tapi mau ganti nama belakang jadi nama ayah tiri. Apakah gue butuh izin orang tua lagi buat urusan ini?	148	Pasal 148	Pasal 148: Perubahan-perubahan dalam hal itu, yang sedianya boleh diadakan sebelum perkawinan dilangsungkan, tidak dapat diadakan selain dengan akta, dalam bentuk yang sama seperi akta perjanjian yang dulu dibuat. Lagi pula tiada perubahan yang berlaku jika diadakan tanpa kehadiran dan izin orang-orang yang telah menghadiri dan menyetujui perjanjian kawin itu.	TIDAK_RELEVAN	Buku I (Orang)
H030	case_030	humanized	Suami saya sering marah-marah dan tidak menghargai saya, sampai akhirnya saya harus pindah rumah karena tidak bisa lagi hidup bersama. Apakah saya bisa bercerai kalau suami tidak mau datang ke pengadilan?	19	Pasal 19	Pasal 19: Niat itu dibuktikan dengan menyampaikan pernyataan kepada Kepala Pemerintahan, baik di tempat yang ditinggalkan, maupun di tempat tujuan pindah rumah kediaman. Bila tidak ada pernyataan, maka bukti tentang adanya niat itu harus disimpulkan dari keadaan-keadaannya.	RELEVAN	Buku I (Orang)
H031	case_031	humanized	Saya punya hutang ke teman yang sudah diperpanjang, tapi sekarang dia tidak mau bayar cicilan dan saya sudah ingatkan berkali-kali tanpa hasil, apa yang harus saya lakukan?	763	Pasal 763	Pasal 763: Hasil perdata dihitung hari demi hari dan menjadi kepunyaan pemakai hasil selama hak pakai hasil berjalan, pada saat apa pun hasil tersebut dapat dibayar.	TIDAK_RELEVAN	Buku II (Benda)
H032	case_032	humanized	Saya punya masalah serius dengan suami saya yang terus-menerus berselingkuh, menyalahgunakan uang saya untuk judi dan narkoba, serta mengabaikan anak-anak kami sampai kami terpaksa pisah tempat tinggal, apa yang harus saya lakukan?	319b	Pasal 319b	Pasal 319b: Permohonan atau tuntutan yang dimaksud dalam pasal yang lalu, harus memuat peristiwaperistiwa dan keadaan-keadaan yang menjadi dasarnya, dan diajukan bersama dengan suratsurat yang diperlukan sebagai bukti kepada Pengadilan Negeri di tempat tinggal orang tua yang dimintakan pembebasannya atau pemecatannya, atau bila tidak ada tempat tinggal yang demikian, kepada pengadilan negeri di tempat tinggalnya yang terakhir, atau bila permohonan atau tuntutan itu mengenai pembebasan atau pemecatan salah seorang dan orang tua yang diserahi tugas melakukan kekuasaan orang tua setelah pisah meja dan ranjang. Dalam permohonan atau tuntutan itu oleh Panitera Pengadilan harus dicatat terlebih dahulu pengajuannya. Kemudian salinan permohonan atau tuntutan itu beserta surat-surat tersebut di atas harus disampaikan secepatnya oleh panitera Pengadilan Negeri kepada dewan perwalian, kecuali bila permohonan atau tuntutan untuk pelepasan atau pemecatan itu diajukan oleh dewan perwalian sendiri. Dalam permohonan atau tuntutan akan pembebasan, sedapat-dapatnya diberitahukan juga dengan cara bagaimana kekuasaan orang tua atau perwaliannya harus diatur, dan dalam setiap permohonan atau tuntutan termaksud dalam pasal yang lalu, harus disebut juga nama kedua orang tua, tempat tinggal dan tempat kediaman mereka sejauh hal ini diketahui, nama dan tempat tinggal keluarga sedarah atau semenda, yang menurut Pasal 333 harus dipanggil, demikian pula nama dan tempat tinggal para saksi yang sekiranya dapat membuktikan peristiwa-peristiwa yang dikemukakan dalam permohonan atau tuntutan tersebut. Pembebasan tidak boleh diperintahkan, bila orang yang melakukan kekuasaan orang tua menentangnya.	RELEVAN	Buku I (Orang)
S033	case_033	summarized	Seorang pemilik bank swasta memberikan pinjaman uang kepada dua orang debitur dengan jaminan sertifikat tanah milik dua orang lainnya. Debitur tersebut gagal membayar cicilan secara tepat waktu sesuai kesepakatan, sehingga menumpuk hutang pokok, bunga, dan denda. Setelah beberapa kali diminta untuk melunasi, debitur tetap tidak membayar, sehingga pemilik bank menuntut pembayaran total kerugian yang dideritanya.	1975	Pasal 1975	Pasal 1975: Bunga atas bunga abadi atau bunga cagak hidup; bunga atas tunjangan tahunan untuk pemeliharaan; harga sewa rumah dan tanah; bunga atas utang pinjaman, dan pada umumnya segala sesuatu yang harus dibayar tiap tahun atau tiap waktu tertentu yang lebih pendek; semua itu lewat waktu setelah lewatnya waktu lima tahun.	RELEVAN	Buku IV (Pembuktian)
H034	case_034	humanized	Saya punya hutang ke teman yang saya pinjam uang dulu, tapi sekarang sudah lewat waktu dan saya belum bisa bayar, apakah dia boleh langsung menjual tanah jaminan saya tanpa saya setuju lagi?	749	Pasal 749	Pasal 749: Bila beban utang diikatkan pada anak-anak hewan atau sarang-sarang lebah, maka yang berutang boleh menyerahkan bagiannya kepada yang berhak atau membayar harganya dengan uang, dihitung menurut harga tertinggi selama enam minggu sejak pembayaran utang tersebut bisa dituntut. Beban utang yang dibicarakan dalam pasal ini, tidak termasuk dalam sepersepuluhan, tetapi harus tegas-tegas diikatkan atau diperjanjikan. Sepersepuluhan harus dilunasi dengan hasil nyata tanah yang telah menghasilkannya, sehingga yang berpiutang sepersepuluhan tak boleh memilih yang terbaik diantaranya, sebagaimana yang berutang tidak boleh memberikan bagian yang terburuk.	TIDAK_RELEVAN	Buku II (Benda)
S035	case_035	summarized	Seorang wanita mengajukan permohonan pemisahan hidup dari suaminya karena suami tersebut memiliki perilaku buruk seperti mabuk-mabukan, judi online, dan perselingkuhan, serta mengabaikan tanggung jawabnya terhadap anak-anak. Wanita tersebut telah membiayai kebutuhan anak dan tempat tinggal, namun suami tetap tidak berubah meskipun sudah dilakukan mediasi keluarga. Akibat ketidakharmonisan yang berkepanjangan dan pisah tempat tinggal, wanita tersebut meminta hak asuh penuh atas kedua anak mereka demi kepentingan terbaik anak, mengingat suami dinilai tidak layak mengasuh anak.	319b	Pasal 319b	Pasal 319b: Permohonan atau tuntutan yang dimaksud dalam pasal yang lalu, harus memuat peristiwaperistiwa dan keadaan-keadaan yang menjadi dasarnya, dan diajukan bersama dengan suratsurat yang diperlukan sebagai bukti kepada Pengadilan Negeri di tempat tinggal orang tua yang dimintakan pembebasannya atau pemecatannya, atau bila tidak ada tempat tinggal yang demikian, kepada pengadilan negeri di tempat tinggalnya yang terakhir, atau bila permohonan atau tuntutan itu mengenai pembebasan atau pemecatan salah seorang dan orang tua yang diserahi tugas melakukan kekuasaan orang tua setelah pisah meja dan ranjang. Dalam permohonan atau tuntutan itu oleh Panitera Pengadilan harus dicatat terlebih dahulu pengajuannya. Kemudian salinan permohonan atau tuntutan itu beserta surat-surat tersebut di atas harus disampaikan secepatnya oleh panitera Pengadilan Negeri kepada dewan perwalian, kecuali bila permohonan atau tuntutan untuk pelepasan atau pemecatan itu diajukan oleh dewan perwalian sendiri. Dalam permohonan atau tuntutan akan pembebasan, sedapat-dapatnya diberitahukan juga dengan cara bagaimana kekuasaan orang tua atau perwaliannya harus diatur, dan dalam setiap permohonan atau tuntutan termaksud dalam pasal yang lalu, harus disebut juga nama kedua orang tua, tempat tinggal dan tempat kediaman mereka sejauh hal ini diketahui, nama dan tempat tinggal keluarga sedarah atau semenda, yang menurut Pasal 333 harus dipanggil, demikian pula nama dan tempat tinggal para saksi yang sekiranya dapat membuktikan peristiwa-peristiwa yang dikemukakan dalam permohonan atau tuntutan tersebut. Pembebasan tidak boleh diperintahkan, bila orang yang melakukan kekuasaan orang tua menentangnya.	RELEVAN	Buku I (Orang)
H036	case_036	humanized	Saya punya anak kecil yang orang tuanya sudah meninggal, sekarang saya yang mengasuhnya tapi dia belum bisa jual tanah warisan karena belum punya wali, bagaimana cara legal supaya saya bisa mengurus hartanya untuk biaya hidup dan sekolahnya?	332	Pasal 332	Pasal 332: Kecuali apa yang ditentukan dalam pasal berikut, barangsiapa sehubungan dengan Bagian 8 dan 9 dalam bab ini tidak dikecualikan atau dibebaskan dari perwalian, wajib menerima perwalian tersebut. Bila orang yang diangkat menjadi wali menolak atau lalai menjalankan perwalian itu, balai harta peninggalan sebagai pengganti dan atas tanggung jawab wali, harus melakukan tindakan-tindakan sementara guna mengurus pribadi dan harta benda anak belum dewasa dengan cara seperti yang diatur dalam instruksi untuk balai harta peninggalan. Dalam hal itu wali bertanggung jawab atas tindakan-tindakan balai harta peninggalan, tanpa mengurangi tuntutan terhadapnya.	RELEVAN	Buku I (Orang)
H037	case_037	humanized	Temen saya yang jadi komisaris di perusahaan kita malah nyuruh auditor eksternal ngecek kas tanpa izin rapat pemegang saham, terus dia bilang itu wewenang dia. Saya merasa ini bikin saya rugi dan nama baik saya hancur, apa saya bisa minta ganti rugi karena dia salah?	1603q	Pasal 1603q	Pasal 1603q: Ganti rugi termaksud pada pasal 1601k dan 1601n dalam hal suatu hubungan kerja diadakan atau dianggap diadakan untuk waktu tidak tentu, adalah sama dengan jumlah upah yang harus dibayar sampai pada hari berikut sesudah hari putusnya hubungan kerja dengan pernyataan pemutusan tersebut. Dalam hal hubungan kerja diadakan untuk waktu tertentu, ganti rugi itu adalah sama dengan jumlah upah untuk jangka waktu hubungan kerja yang menurut Pasalpasal 1603 e dan 1603 f seharusnya berlangsung terus. Yang dimaksud dengan upah di sini adalah bagian-bagian upah tersebut pada Pasal 1601p nomor 1 dan 7 Jika upah buruh, baik seluruhnya maupun sebagian tidak ditetapkan menurut jangka waktu, maka berlaku ukuran termaksud pada Pasal 1601o. Tiap perjanjian yang menetapkan suatu ganti rugi yang lebih rendah bagi buruh, adalah batal. Dalam surat perjanjian atau reglemen dapat ditetapkan suatu ganti rugi yang lebih besar jumlahnya. Pengadilan berwenang untuk menetapkan ganti rugi termaksud pada alinea pertama dan keempat pasal ini dalam jumlah yang lebih rendah, jika menurut pendapatnya ganti rugi itu terlalu tinggi. Atas ganti rugi yang harus dibayar itu, dikenakan bunga sebesar enam persen setahun, terhitung sejak hari hubungan kerja diakhiri.	TIDAK_RELEVAN	Buku III (Perikatan)
S038	case_038	summarized	Seorang ayah yang sebelumnya menjabat sebagai direktur dan pemegang saham di beberapa perusahaan mengalami stroke pada Maret 2020, menyebabkan lumpuh total, tidak sadarkan diri, dan kehilangan kemampuan berbicara serta menggerakkan tubuh. Kondisi ini membuatnya tidak cakap untuk mengurus kepentingan hukumnya sendiri, termasuk menandatangani perjanjian bisnis. Karena istrinya sudah lanjut usia, anak kandungnya mengajukan permohonan agar ayah ditempatkan di bawah pengampuan dan ditunjuk sebagai pengampu yang sah untuk mengelola kepentingan ayah, dengan bukti medis dan keterangan saksi yang diterima oleh hakim.	458	Pasal 458	Pasal 458: Seorang anak belum dewasa yang ada di bawah pengampuan tidak dapat melakukan perkawinan, pula tidak dapat mengadakan perjanjian-perjanjian selain dengan memperhatikan ketentuan-ketentuan pada Pasal 38 dan 151.	RELEVAN	Buku I (Orang)
S039	case_039	summarized	Seorang istri mengajukan permohonan penetapan agar diakui sebagai wali dan kuasa untuk menjual sebidang tanah beserta bangunannya yang merupakan harta warisan dari suaminya yang telah meninggal dunia. Tujuannya adalah untuk memenuhi kebutuhan pendidikan dan hidup anak-anaknya yang masih belum cukup umur. Setelah pemeriksaan, hakim mengabulkan permohonan tersebut dengan menegaskan bahwa sebagai orang tua kandung yang masih hidup, istri tersebut sudah memiliki hak untuk mewakili anak-anaknya dalam melakukan transaksi jual beli atas harta warisan tersebut.	229	Pasal 229	Pasal 229: Setelah memutuskan perceraian, dan setelah mendengar atau memanggil dengan sah para orang tua atau keluarga sedarah atau semenda dan anak-anak yang di bawah umur, Pengadilan Negeri akan menetapkan siapa dan kedua orang tua akan melakukan perwalian atas tiap-tiap anak, kecuali jika kedua orang tua itu dipecat atau dilepaskan dan kekuasaan orang tua, dengan mengindahkan putusan-putusan Hakim terdahulu yang mungkin memecat atau melepas mereka dan kekuasaan orang tua. Penetapan ini tidak berlaku sebelum hari putusan perceraian perkawinan itu memperoleh kekuatan hukum yang pasti. Sebelum itu tidak usah dilakukan pemberitahuan, dan tidak boleh dilakukan perlawanan atau banding. Terhadap penetapan ini, bapak atau ibu yang tidak diangkat menjadi wali boleh melakukan perlawanan, bila dia tidak hadir atas panggilan yang dimaksud dalam alinea pertama. Perlawanan ini harus dilakukan dalam waktu tiga puluh hari setelah penetapan itu diberitahukan kepadanya. Bapak atau ibu yang setelah hadir atas panggilan tidak diangkat menjadi wali,atau yang perlawanannya ditolak, dalam tiga puluh hari setelah hari termasuk dalam alinea kedua, dapat naik banding mengenai penetapan itu. Alinea keempat Pasal 206 berlaku terhadap pemeriksaan para orang tua.	TIDAK_RELEVAN	Buku I (Orang)
H040	case_040	humanized	Saya bingung, kenapa orang yang bikin rapat pemilihan pengurus di apartemen itu bisa dianggap salah cuma karena bilang ada yang rugi, padahal saya cuma mau tahu kenapa mereka dianggap melanggar aturan?	831	Pasal 831	Pasal 831: Bila beberapa orang, yang antara seorang dengan yang lainnya ada hubungan pewarisan, memnggal karena suatu kecelakaan yang sama, atau meninggal pada hari yang sama, tanpa diketahui siapa yang meninggal lebih dahulu, maka mereka dianggap meninggal pada saat yang sama, dan terjadi peralihan warisan dan yang seorang kepada yang lainnya.	TIDAK_RELEVAN	Buku II (Benda)
H041	case_041	humanized	Saya bingung, kalau suami sudah meninggal dan saya punya rumah yang sudah lunas, kenapa saya harus izin ke pengadilan dulu baru boleh jual rumah itu untuk biaya sekolah anak-anak saya?	127	Pasal 127	Pasal 127: Setelah salah seorang dan suami isteri meninggal, maka bila ada meninggalkan anak yang masih di bawah umur, pihak yang hidup terlama wajib untuk mengadakan pendaftaran harta benda yang merupakan harta bersama dalam waktu empat bulan. Pendaftaran harta bersama itu boleh dilakukan di bawah tangan, tetapi harus dihadiri oleh wali pengawas. Bila pendaftaran harta bersama itu tidak diadakan, gabungan harta bersama berlangsung terus untuk keuntungan si anak yang masih di bawah umur dan sekali-kali tidak boleh merugikannya.	TIDAK_RELEVAN	Buku I (Orang)
S042	case_042	summarized	Seorang pemilik tanah menjual sebagian lahan seluas 30 meter persegi kepada seorang pembeli dengan harga tertentu dan uang muka. Namun, pembeli membangun bangunan di lokasi yang berbeda dari yang disepakati, yaitu di atas tanah milik pihak ketiga, sehingga bangunan tersebut dibongkar. Akibat kebingungan mengenai lokasi tanah yang sebenarnya dijual, pembeli melaporkan penjual ke kepolisian atas dugaan penipuan. Di sisi lain, penjual menuntut pembatalan transaksi, penghangusan uang muka, dan ganti rugi, sementara pembeli membantah bahwa lokasi yang dibangunnya sesuai dengan kesepakatan. Hakim akhirnya mengabulkan sebagian tuntutan penjual dengan menyatakan bahwa tanah yang dijual memang miliknya, namun menolak tuntutan pembatalan jual beli dan ganti rugi karena tidak terbukti bahwa bangunan yang didirikan pembeli berada di atas tanah milik penjual.	1458	Pasal 1458	Pasal 1458: Jual beli dianggap telah terjadi antara kedua belah pihak, segera setelah orang-orang itu mencapai kesepakatan tentang barang tersebut beserta harganya, meskipun barang itu belum diserahkan dan harganya belum dibayar.	RELEVAN	Buku III (Perikatan)
S043	case_043	summarized	Seorang pewaris mengajukan perlawanan terhadap penetapan eksekusi tanah dan bangunan yang dimilikinya, namun pengadilan menolak karena sebelumnya ayahnya telah kehilangan hak atas tanah yang sama dalam putusan yang sudah berkekuatan hukum tetap, sehingga pewaris tersebut tidak memiliki hak untuk mengulang sengketa yang sama.	214	Pasal 214	Pasal 214: Pengadilan Negeri, selama persidangan masih berjalan, bebas untuk mencabut pelaksanaan kekuasaan orang tua untuk sementara seluruhnya atau sebagian, dan sejauh dianggap perlu, memberikan wewenang-wewenang yang demikian atas diri dan barang-barang anak-anak kepada pihak lain antara orang tua itu, atau kepada orang yang ditunjuk Pengadilan Negeri, atau kepada dewan perwalian. Terhadap penetapan-penetapan mi tidak diperkenankan memohon banding. Penetapanpenetapan itu tetap berlaku sampai putusan yang menolak gugatan perceraian memperoleh kekuatan hukum yang pasti; dalam hal gugatan diterima, penetapan-penetapan itu tetap berlaku sampai satu bulan berlalu, setelah penetapan yang diberikan berkenaan dengan itu untuk mengatur soal perwalian memperoleh kekuatan hukum yang pasti. Mengenai biaya-biaya yang dikeluarkan sesuai dengan alinea pertama, berlaku alinea ketujuh dan kedelapan Pasal 319f.	TIDAK_RELEVAN	Buku I (Orang)
H044	case_044	humanized	Saya punya hutang ke teman yang sudah lewat jatuh tempo dan dia minta uang sisa hutangnya plus denda, tapi saya sudah kirim surat peringatan berkali-kali tanpa hasil, apa yang harus saya lakukan?	1766	Pasal 1766	Pasal 1766: Barangsiapa sudah menerima suatu pinjaman dan telah membayar bunga yang tidak diperjanjikan dahulu, tidak dapat meminta kembali bunga itu dan juga tidak dapat mengurangkannya dan pinjaman pokok, kecuali jika bunga yang telah dibayar itu melampaui jumlah bunga yang ditetapkan dalam undang-undang; dalam hal ini uang kelebihan itu dapat diminta kembali atau dikurangkan dan pinjaman pokok. Pembayaran bunga yang tidak diperjanjikan tidak mewajibkan debitur untuk membayar bunga terus, tetapi bunga yang diperjanjikan wajib dibayar sampai pada saat pengembalian atau penitipan (konsinyasi) uang pinjaman pokok semuanya walaupun pengembalian atau penitipan uang pinjaman itu dilakukan tatkala sudah lewat waktu pelunasan menurut perjanjian.	TIDAK_RELEVAN	Buku III (Perikatan)
H045	case_045	humanized	Saya sudah pisah rumah sama suami sejak 2019 gara-gara terus-menerus bertengkar dan dia nggak pernah mau ngomong sama saya, sekarang saya mau tahu apa yang harus saya lakukan untuk resmi cerai?	239	Pasal 239	Pasal 239: Berkenaan dengan itu Pengadilan Negeri akan memerintahkan kedua suami isteri untuk bersama-sama secara pribadi menghadap seorang atau Iebih anggota yang akan memberi wejangan-wejangan seperlunya kepada mereka. Bila suami isteri itu bertahan dengan niat mereka, Hakim akan memerintahkan mereka untuk menghadap lagi setelah lewat enam bulan. Bila ternyata ada alasan sah yang menghalangi mereka untuk menghadap, maka Hakim yang ditunjukkan harus pergi ke rumah suami isteri itu. Bila suami isteri itu bertempat tinggal di luar daerah di mana Pengadilan Negeri itu bertempat kedudukan, Pengadilan Negeri dapat menunjuk kepada kepala daerah setempat untuk melakukan tindakan-tindakan yang dimaksud dalam tiga alinea yang lalu. Pejabat yang telah ditunjuk itu akan membuat berita acara tentang apa yang telah dilakukannya dan mengirimkannya ke Pengadilan Negeri. Bila salah seorang dan suami isteri atau kedua-duanya bertempat tinggal di luar Indonesia, Pengadilan Negeri itu boleh memohon kepada seorang Hakim di negara tempat suami isteri itu berdiam, untuk memanggil kedua suami isteri atau salah seorang menghadap kepadanya dengan tujuan melakukan ikhtiar perdamaian, atau menugaskan hal itu kepada pejabat perwakilan Indonesia di wilayah tempat suami isteri itu berdiam. Berita acara yang dibuat mengenai hal itu harus dikirimkan kepada Pengadilan Negeri itu.	RELEVAN	Buku I (Orang)
H046	case_046	humanized	Suami saya sering memukul anak-anak kami sampai harus dibawa ke UGD, sementara saya sudah pisah rumah dengannya. Bagaimana status hukum anak-anak kami yang masih kecil ini dalam hal pengasuhan?	206	Pasal 206	Pasal 206: Pembubaran perkawinan tidak mengurangi akibat-akibat yang diatur dalam Pasal 222 sampai dengan Pasal 228 dan Pasal 231 yang berdasarkan Pasal 246 juga berlaku terhadap pisah meja dan ranjang, dan juga tidak mengurangi syarat-syarat, yang berdasarkan permufakatan berkenaan dengan pasal 237, telah ditetapkan oleh suami isteri itu, baik terhadap diri mereka maupun terhadap pemeliharaan dan pendidikan anak-anak. Pada waktu memutuskan pisah meja dan ranjang itu, Hakim mengangkat salah seorang dan antara orang tua yang telah melakukan kekuasaan orang tua sebagai wali. Atas permohonan kedua orang tua atau salah seorang dan mereka, Pengadilan Negeri berdasarkan keadaan yang timbul setelah putusan pembubaran perkawinan mempunyai kekuatan hukum yang pasti, boleh mengubah penetapan yang telah diberikan berdasarkan alinea yang lalu, dan persyaratan-persyaratan terhadap anak-anak seperti yang termaksud dalam alinea pertama, setelah mendengar atau memanggil dengan sah para orang tua, wali pengawasnya dan keluarga sedarah atau semenda dan anak-anak yang masih di bawah umur. Boleh dinyatakan, bahwa penetapan ini dapat segera dilaksanakan, meskipun ada perlawanan atau banding dengan atau tanpa jaminan. Pemeriksaan terhadap orang tua dan wali pengawas yang bertempat tinggal di luar daerah hukum Pengadilan Negeri itu, boleh dilimpahkan kepada Pengadilan Negeri di tempat tinggal atau tempat kediaman mereka, yang akan menyampaikan berita acara tentang hal itu kepada Pengadilan Negeri tersebut pertama. Pemanggilan para orang tua dan wali pengawas dilakukan dengan cara seperti yang ditentukan dalam Pasal 333 terhadap keluarga sedarah dan semenda. Mereka dapat mewakilkan diri dengan cara seperti yang ditentukan dalam Pasal 334. Salah satu dari kedua orang tua yang tidak mengajukan permohonan dan yang tidak menghadap atas panggilan boleh mengadakan perlawanan dalam waktu tiga puluh hari setelah suatu penetapan atau suatu akta yang dibuat berdasarkan hal itu atau untuk pelaksanaan penetapan itu, disampaikan kepada orang tua itu sendiri, atau setelah dia melakukan suatu perbuatan yang tak dapat tidak memberi kesimpulan, bahwa dia telah mengerti tentang penetapan itu atau tentang pelaksanaannya yang dimulai. Orang tua yang permohonannya telah ditolak, dan orang tua yang kendati melakukan perlawanan telah dinyatakan salah, demikian pula yang perlawanannya telah ditolak, boleh mohon banding dalam waktu tiga puluh hari setelah keputusan diucapkan. Bila anak yang belum dewasa belum benar-benar berada dalam kekuasaan orang yang berdasarkan salah satu ketentuan pasal ini ditugaskan menjadi wali, maka dalam putusan itu atau dalam penetapan harus diperintahkan juga penyerahan anak-anak itu. Ketentuanketentuan alinea kedua, ketiga, keempat dan kelima Pasal 319h berlaku terhadap hal ini.	RELEVAN	Buku I (Orang)
H047	case_047	humanized	Saya beli rumah dari teman, tapi tiba-tiba rumah itu disita karena masalah perceraian mantan pasangannya, dan saya malah tidak bisa pakai atau jual lagi, apa yang harus saya lakukan?	1471	Pasal 1471	Pasal 1471: Jual beli atas barang orang lain adalah batal dan dapat memberikan dasar kepada pembeli untuk menuntut penggantian biaya, kerugian dan bunga, jika ia tidak mengetahui bahwa barang itu kepunyaan orang lain.	RELEVAN	Buku III (Perikatan)
S048	case_048	summarized	Seorang pemilik hutang bersama dengan pasangannya menandatangani perjanjian pinjaman sebesar 250 juta rupiah dengan jaminan dua bidang tanah masing-masing. Mereka berjanji membayar cicilan bulanan namun gagal memenuhi kewajiban tersebut sehingga tunggakan mencapai hampir 238 juta rupiah. Karena ingkar janji tersebut, kreditur berhak menagih seluruh hutang sekaligus dan menjual agunan tanah yang dijanjikan sebagai jaminan pelunasan.	1154	Pasal 1154	Pasal 1154: Dalam hal debitur atau pemberi gadai tidak memenuhi kewajiban-kewajiban, kreditur tidak diperkenankan mengalihkan barang yang digadaikan itu menjadi miliknya. Segala persyaratan perjanjian yang bertentangan dengan ketentuan ini adalah batal.	TIDAK_RELEVAN	Buku II (Benda)
S049	case_049	summarized	Seorang ayah mengajukan permohonan penetapan pengadilan agar diakui sebagai wali tunggal atas anak yang belum dewasa setelah istri meninggal dunia, dengan tujuan mengagunkan tanah milik bersama demi membiayai pendidikan dan kebutuhan hidup anak, yang kemudian dikabulkan oleh hakim setelah memastikan tidak ada keberatan dari keluarga dan ayah tersebut memenuhi syarat kesehatan serta perilaku.	303	Pasal 303	Pasal 303: Bila anak itu tidak menghadap untuk didengar pada hari yang ditentukan, Pengadilan Negeri harus menunda pemeriksaan itu sampai hari yang kemudian ditentukan, dan harus memerintahkan agar hari itu anak dibawa kehadapannya oleh juru sita atau polisi; penetapan ini dilaksanakan atas perintah kejaksaan; bila ternyata hari itu anak tidak menghadap, maka Pengadilan Negeri tanpa mendengar anak, boleh memerintahkan penampungan atau menolaknya. Dalam hal ini tidak usah diindahkan tertib acara selanjutnya, kecuali perintah untuk penampungan yang tidak usah dinyatakan alasan-alasannya. Apabila Pengadilan dalam penetapannya memutuskan, bahwa orang yang melakukan kekuasaan orang tua dan anak itu tidak mampu membiayai penampungan itu, maka segala biaya dibebankan kepada negara. Penetapan yang memerintahkan penampungan itu harus dilaksanakan atas perintah kejaksaan atas permohonan orang yang melakukan kekuasaan orang tua.	TIDAK_RELEVAN	Buku I (Orang)
S050	case_050	summarized	Seorang mantan suami dan istri bersengketa mengenai pembagian harta bersama yang terdiri dari beberapa bidang tanah dan bangunan yang diperoleh selama masa perkawinan. Pihak pertama menuntut pembagian harta tersebut, sementara pihak kedua menyanggah bahwa tanah-tanah tersebut merupakan harta bawaan atau warisan keluarga, bukan harta bersama. Sengketa berlanjut hingga muncul tuduhan bahwa salah satu pihak menjual tanah seluas 700 meter persegi di Cileungsi Bogor tanpa persetujuan pihak lain, yang kemudian menimbulkan kerugian dan tuntutan ganti rugi serta pengakuan utang bersama.	1246	Pasal 1246	Pasal 1246: Biaya, ganti rugi dan bunga, yang boleh dituntut kreditur, terdiri atas kerugian yang telah dideritanya dan keuntungan yang sedianya dapat diperolehnya, tanpa mengurangi pengecualian dan perubahan yang disebut di bawah ini.	RELEVAN	Buku III (Perikatan)
S051	case_051	summarized	Seorang ayah mengajukan permohonan agar diakui sebagai wali tunggal atas anak perempuannya yang masih kecil setelah istri meninggal dunia, demi mendapatkan izin menjual sebidang tanah milik anak tersebut untuk kepentingan pendidikan dan tempat tinggal, yang kemudian dikabulkan oleh pengadilan.	1061	Pasal 1061	Pasal 1061: Para kreditur yang dirugikan oleh debitur yang menolak warisannya, dapat mengajukan permohonan kepada Hakim, supaya diberi kuasa untuk menerima warisan itu atas nama dan sebagai pengganti debitur itu. Dalam hal itu, penolakkan warisan itu hanya boleh dibatalkan demi kepentingan para kreditur dan sampai sebesar piutang mereka, penolakkan itu sekali-kali tidak batal untuk keuntungan ahli waris yang telah menolak warisan itu.	TIDAK_RELEVAN	Buku II (Benda)
S052	case_052	summarized	Seorang ahli waris tanah warisan yang sebagian telah dijual kepada pihak lain, kini menuntut pengosongan lahan, pembongkaran bangunan, dan pembayaran ganti rugi karena sisa tanahnya masih dikuasai oleh pembeli sebelumnya hingga bangunan miliknya dibongkar. Namun, pihak yang menguasai tanah tersebut menolak tuntutan ini dengan alasan bahwa perkara serupa telah diputus dan dieksekusi sebelumnya, sehingga dianggap melanggar larangan mengadili perkara yang sama dua kali.	1290	Pasal 1290	Pasal 1290: Kreditur yang menerima bagian salah satu debitur tanpa melepaskan haknya berdasarkan utang tanggung renteng sendiri atau hak-haknya pada umumnya, tidak menghapuskan haknya secara tanggung renteng, melainkan hanya terhadap debitur tadi. Kreditur tidak dianggap membebaskan debitur dari perikatan tanggung-menanggung, jika dia menerima suatu jumlah sebesar bagian debitur itu dalam seluruh utang, sedangkan surat bukti pembayaran tidak secara tegas menyatakan bahwa apa yang diterimanya adalah untuk bagian orang tersebut. Hal yang sama berlaku terhadap tuntutan yang ditujukan kepada salah satu debitur, selama orang ini belum membenarkan tuntutan tersebut, atau selama perkara belum diputus oleh Hakim.	TIDAK_RELEVAN	Buku III (Perikatan)
S053	case_053	summarized	Seorang istri mengajukan permohonan izin menjual rumah warisan yang belum dibagi secara sepihak karena anak-anaknya menolak memberikan persetujuan. Anak-anak tersebut kemudian mengajukan perlawanan terhadap penetapan tersebut, namun hakim menolak karena upaya hukum yang benar adalah gugatan biasa atau pembatalan, bukan perlawanan pihak ketiga. Istri tersebut membantah bahwa rumah tersebut adalah harta warisan yang belum dibagi, melainkan aset yang dibeli menggunakan uang warisan dari orang tua mereka sendiri dan hasil penjualannya sudah dibagikan secara adil kepada semua anak.	1001	Pasal 1001	Pasal 1001: Suatu penetapan yang dibuat dengan wasiat, gugur bila ahli waris atau penerima hibah yang ditetapkan itu menolak warisan atau hibah wasiat itu, atau ternyata tidak cakap untuk memanfaatkan hal itu. Bila pada penetapan itu diberikan keuntungan kepada pihak ketiga, maka pemberian keuntungan itu tidak gugul orang yang berhak atas warisan atau hibah wasiat itu, tanpa mengurangi wewenangnya untuk melepaskan din secara utuh dan tak bersyarat dan wansan atau hibah wasiat itu, tetap wajib memberi keuntungan kepada pihak ketiga itu.	TIDAK_RELEVAN	Buku II (Benda)
S054	case_054	summarized	Seorang ibu mengajukan permohonan ke pengadilan untuk mendapatkan penetapan perwalian atas dua anaknya yang masih di bawah umur setelah suaminya meninggal dunia. Ia meminta izin untuk menjual sebidang tanah warisan seluas 200 meter persegi guna menopang kehidupan ekonomi keluarga. Pengadilan menyetujui permohonan tersebut dengan menetapkan ibu tersebut sebagai wali dan memberikan izin khusus untuk menjual tanah tersebut.	319g	Pasal 319g	Pasal 319g: Orang yang telah dilepaskan atau dipecat dan kekuasaan orang tua, baik atas permohonan sendiri ataupun atas permohonan mereka yang berwenang untuk memohon pembebasan atau pemecatan menurut Pasal 319a, atau atas tuntutan kejaksaan, boleh diberi kekuasaan orang tua kembali atau diangkat menjadi wali atas anak-anaknya yang masih di bawah umur, bila ternyata bahwa peristiwa-peristiwa yang telah mengakibatkan pembebasan atau pemecatan, tidak lagi menjadi halangan untuk pemulihan atau pengangkatan itu. Demikian pula orang yang telah dibebaskan atau dipecat dan perwalian atas anak-anaknya sendiri dan kemudian kawin kembali dengan suami atau isteri yang dahulu, selama perkawinan itu, boleh diberi kekuasaan orang tua kembali. Permohonan atau tuntutan untuk itu harus diajukan kepada Pengadilan Negeri yang dulu menangani permohonan atau tuntutan untuk pembebasan atau pemecatan, kecuali bila yang dibebaskan atau dipecat itu pisah meja dan ranjang, atau perkawinannya dibubarkan oleh perceraian perkawinan atau setelah pisah meja dan ranjang; dalam hal kekecualian ini, semua permohonan atau tuntutan harus diajukan kepada Pengadilan Negeri yang telah menangani permohonan atau tuntutan untuk pisah meja dan ranjang, perceraian atau pembubaran perkawinan. Pengadilan Negeri, sebelum mengambil keputusan, harus mendengar atau memanggil dengan sah, jika mungkin, kedua orang tua, keluarga sedarah atau semenda dan anak-anak, beserta dewan perwalian; bila anak-anak itu berada di bawah perwalian, yang harus didengar atau dipanggil dengan sah adalah wali atau pengurus perkumpulan, yayasan atau lembaga amal yang ditugaskan melakukan perwalian, dan wali pengawasannya. Bila perlu, Pengadilan Negeri boleh memerintahkan agar saksi-saksi yang dipilih, baik dan keluarga sedarah maupun dan keluarga semenda, didengar di bawah sumpah. Bila saksi-saksi yang harus didengar itu bertempat tinggal atau berkediaman di luar daerah hukum Pengadilan Negeri yang memeriksa permintaan, maka pemeriksaan boleh dilimpahkan dengan cara seperti yang ditentukan dalam Pasal 333 terhadap keluarga sedarah dan semenda. Ketentuan dalam anak kalimat terakhir dan alinea keempat Pasal 206 berlaku kecuali bagi para saksi. Pemeriksaan perkara ini dilakukan dalam sidang tertutup. Keputusan beserta alasan-alasannya harus diucapkan di muka umum. Keputusan itu boleh dinyatakan dapat dilaksanakan segera meskipun ada perlawanan atau banding, dengan atau tanpa jaminan, semuanya atas naskah aslinya. Terhadap keputusan yang mengabulkan permohonan atau tuntutan, orang tua yang dengan itu kehilangan kekuasaan orang tua atau perwaliannya, bila ia telah tidak menghadap atas panggilan, boleh melakukan perlawanan dalam tiga puluh hari setelah keputusan itu atau suatu akta yang dibuat berdasarkan hal itu atau untuk pelaksanaannya telah disampaikan kepadanya secara pribadi, atau setelah ia melakukan suatu perbuatan yang tak dapat tidak memberi kesimpulan bahwa keputusan itu atau pelaksanaannya yang telah dimulai diketahui olehnya. Dalam waktu tiga puluh hari setelah keputusan diucapkan, permohonan banding boleh diajukan oleh orang yang permohonannya ditolak, atau oleh Kejaksaan yang tuntutannya ditolak, serta oleh orang yang telah didengar dan meskipun menentangnya, terhadapnya permohonan dan tuntutan itu dikabulkan.	TIDAK_RELEVAN	Buku I (Orang)
S055	case_055	summarized	Seorang ayah mengajukan permohonan penetapan perwalian untuk mewakili anaknya yang belum dewasa, Gabriel, dalam menjual sebidang tanah milik keluarga. Permohonan ini diajukan setelah istri dari ayah tersebut meninggal dunia, sehingga ayah menjadi wali tunggal demi hukum. Tanah tersebut dibeli saat ayah dan istri masih hidup dan kini dijual untuk memenuhi kebutuhan pendidikan serta hidup sehari-hari anak-anak. Hakim mengabulkan permohonan tersebut dengan menetapkan ayah sebagai wali resmi yang berhak mewakili anak untuk melakukan transaksi jual beli.	431	Pasal 431	Pasal 431: Pendewasaan tersebut dalam lima pasal yang lampau, oleh Pengadilan Negeri boleh ditarik kembali, bila anak yang di bawah umur itu menyalahgunakannya atau bila ada cukup kekhawatiran, bahwa dia akan menyalahgunakannya Penarikan kembali dilakukan atas permohonan bapaknya. bila kedua orang tuanya masih hidup, atau atas permohonan ibunya, bila kekuasaan orang tua dilakukan olehnya, atau atas permohonan wali atau wali pengawas, bila orang yang di bawah umur itu berada dalam perwalian. Terhadap permohonan itu tidak diambil keputusan sebelum mendengar atau memanggil dengan sah anak yang di bawah umur itu dan walinya, bila permohonan itu diajukan oleh wali pengawasnya, atau mendengar atau memanggil dengan sah wali pengawas, bila permohonannya diajukan oleh wali. Pengadilan Negeri boleh memerintahkan supaya keluarga sedarah atau semenda. dan bapaknya atau ibunya, sekiranya salah seorang dari antara mereka masih hidup tanpa dibebani tugas perwalian, dipanggil atau didengar. Pengadilan mengambil keputusan tanpa banding. Alinea keempat Pasal 206 tidak berlaku terhadap pemeriksaan para orang tua, wali dan wali pengawas.	TIDAK_RELEVAN	Buku I (Orang)
S056	case_056	summarized	Seorang istri mengajukan sengketa terhadap suaminya karena hubungan rumah tangga yang terus-menerus dipenuhi perselisihan, ketidakpedulian suami terhadap kebutuhan istri dan anak, serta ketidakjujuran dalam keuangan yang menyebabkan tujuan perkawinan tidak terwujud. Meskipun suami menyangkal dengan mengklaim bahwa ia yang bekerja keras dan istri yang jarang pulang, fakta-fakta yang saling menguatkan mengenai konflik dan peran yang tidak seimbang akhirnya diakui, sehingga pengadilan memutuskan perceraian dan menetapkan hak asuh anak kepada pihak ibu dengan hak kunjungan yang luas.	354a	Pasal 354a	Pasal 354a: Bila perwalian diserahkan kepada orang lain dalam salah satu hal yang dimaksud dalam alinea pertama Pasal 353, maka bapak yang telah dewasa atau ibu yang telah dewasa dari anak tidak sah yang diakuinya, sejauh mereka tidak dikecualikan, dibebaskan atau dipecat dari perwalian, boleh mengajukan permohonan kepada Pengadilan Negeri supaya diangkat menjadi wali sebagai pengganti wali yang lain itu. Pengadilan Negeri mengambil ketetapan atas permohonan itu setelah mendengar atau memanggil dengan sah si pemohon, wali, wali pengawas, suami atau isteri pemohon bila pemohon ini telah kawin lagi, dan orang tua yang lain bila ia ikut mengakui anak dan masih hidup, serta dewan perwalian. Pengadilan Negeri mengabulkan permohonan mi, kecuali jika ada kekhawatiran yang mendasar, bahwa bapak dan ibu akan melalaikan si anak. Ketentuan dalam kalimat terakhir Pasal 253 berlaku dalam hal ini. Terhadap pemeriksaan orang-orang tersebut di atas berlaku ketentuan alinea keempat Pasal 206 dengan penyesuaian sekedarnya.	TIDAK_RELEVAN	Buku I (Orang)
S057	case_057	summarized	Seorang pembeli telah melakukan transaksi jual beli rumah seluas 290 meter persegi kepada penjual dengan harga dua miliar rupiah yang telah dibayar lunas melalui transfer bank dan penyerahan sertifikat hak milik. Namun, penjual tetap menguasai rumah secara fisik dan menolak menyerahkan objek tersebut kepada pembeli meskipun masa sewa yang disepakati telah berakhir, sehingga menimbulkan sengketa mengenai hak kepemilikan dan kewajiban penyerahan.	1235	Pasal 1235	Pasal 1235: Dalam perikatan untuk memberikan sesuatu, termasuk kewajiban untuk menyerahkan barang yang bersangkutan dan untuk merawatnya sebagai seorang kepala rumah tangga yang baik, sampai saat penyerahan. Luas tidaknya kewajiban yang terakhir ini tergantung pada persetujuan tertentu; akibatnya akan ditunjuk dalam bab-bab yang bersangkutan.	RELEVAN	Buku III (Perikatan)
H058	case_058	humanized	Suami saya meninggal dan saya jadi satu-satunya orang tua yang mengurus anak kami yang masih kecil. Saya butuh uang untuk biaya hidup, jadi saya mau jual rumah yang atas nama anak, tapi saya bingung harus ngapain dulu biar sah?	303	Pasal 303	Pasal 303: Bila anak itu tidak menghadap untuk didengar pada hari yang ditentukan, Pengadilan Negeri harus menunda pemeriksaan itu sampai hari yang kemudian ditentukan, dan harus memerintahkan agar hari itu anak dibawa kehadapannya oleh juru sita atau polisi; penetapan ini dilaksanakan atas perintah kejaksaan; bila ternyata hari itu anak tidak menghadap, maka Pengadilan Negeri tanpa mendengar anak, boleh memerintahkan penampungan atau menolaknya. Dalam hal ini tidak usah diindahkan tertib acara selanjutnya, kecuali perintah untuk penampungan yang tidak usah dinyatakan alasan-alasannya. Apabila Pengadilan dalam penetapannya memutuskan, bahwa orang yang melakukan kekuasaan orang tua dan anak itu tidak mampu membiayai penampungan itu, maka segala biaya dibebankan kepada negara. Penetapan yang memerintahkan penampungan itu harus dilaksanakan atas perintah kejaksaan atas permohonan orang yang melakukan kekuasaan orang tua.	TIDAK_RELEVAN	Buku I (Orang)
S059	case_059	summarized	Seorang pembeli rumah yang membeli tanah dan bangunan pada tahun 2012 dengan jaminan bahwa objek jual beli bebas dari tuntutan pihak lain dan cacat tersembunyi, kemudian mengalami kerugian akibat klaim dari pihak ketiga bahwa sebagian bangunan milik pembeli melintasi batas tanah pihak ketiga, menyebabkan kerusakan fisik pada bangunan, ketidaknyamanan penghuni, dan pemindahan sementara, sehingga penjual dianggap melanggar janji dan wajib mengganti kerugian serta mengembalikan objek jual beli.	633	Pasal 633	Pasal 633: Semua tembok yang dipergunakan sebagai tembok batas antara bangunan-bangunan, tanahtanah, taman-taman dan kebun-kebun, dianggap sebagai tembok batas milik bersama, kecuali jika ada sesuatu alas hak atau tanda yang menunjukkan sebaliknya. Bila bangunan-bangunan itu tidak sama tinggi, maka tembok batas itu harus dianggap sebagai milik bersama setinggi bangunan yang terendah.	RELEVAN	Buku II (Benda)
H060	case_060	humanized	Saya punya anak yang belum genap 21 tahun dan belum pernah nikah, jadi dia belum bisa jual beli tanah warisan sendiri. Bagaimana cara saya bisa mewakili dia untuk menjual tanah demi biaya hidup dan pelunasan hutang ayah yang sudah meninggal?	383	Pasal 383	Pasal 383: Wali harus menyelenggarakan pemeliharaan dan pendidikan bagi anak belum dewasa menurut kemampuan harta kekayaannya dan harus mewakili anak belum dewasa itu dalam segala tindakan perdata. Anak belum dewasa harus menghormati walinya.	RELEVAN	Buku I (Orang)
S061	case_061	summarized	Seorang individu mengajukan keberatan kepada pihak penyelenggara acara pemilihan terhadap hasil rekapitulasi suara yang diterbitkan. Pihak penyelenggara menolak keberatan tersebut dengan alasan surat kuasa yang digunakan dibuat sebelum hasil resmi diterbitkan dan perbaikan dokumen diajukan setelah tenggang waktu yang ditentukan telah berlalu, sehingga dianggap tidak memenuhi syarat formal.	8	Pasal 8	Pasal 8: Selama jangka waktu tersebut dalam pasal yang lalu, pihak-pihak yang berkepentingan diperbolehkan mengemukakan kepada Presiden, dengan surat permohonan, dasar-dasar yang mereka anggap menjadi keberatan untuk menentang permohonan tersebut.	TIDAK_RELEVAN	Buku I (Orang)
H062	case_062	humanized	Saya punya anak perempuan yang belum genap 21 tahun dan ibunya sudah meninggal, jadi saya ingin tahu apakah saya otomatis bisa jadi walinya untuk menjual tanah warisan demi biaya sekolahnya?	331b	Pasal 331b	Pasal 331b: Bila bagi anak-anak belum dewasa yang ada di bawah perwalian, diangkat seorang wali lain atau karena hukum orang lain menjadi wali, maka perwalian yang pertama berakhir pada saat perwalian lain mulai berlaku, kecuali jika hakim menentukan saat lain. Perwalian berakhir: 1. bila anak belum dewasa, setelah berada di bawah perwalian, kembali kekuasaan orang tua, karena bapak atau ibunya mendapat kekuasaan kembali, pada saat penetapan sehubungan dengan itu diberitahukan kepada walinya; 2. bila anak belum dewasa, setelah berada di bawah perwalian, kembali di bawah kekuasaan orang tua berdasarkan Pasal-pasal 206b atau 323a, pada saat berlangsungnya perkawinan; 3. bila anak belum dewasa yang lahir di luar perkawinan diakui menurut undang-undang, pada saat berlangsungnya perkawinan yang mengakibatkan sahnya si anak, atau pada saat pemberian surat pengesahan yang diatur dalam Pasal 274; 4°.bila dalam hal yang diatur dalam Pasal 453 orang yang berada di bawah pengampuan memperoleh kembali kekuasaan orang tuanya, pada saat pengampuan itu berakhir.	RELEVAN	Buku I (Orang)
H063	case_063	humanized	Saya punya nama yang bikin malu dan sering diolok-olok teman-teman, gimana cara ubah nama di KTP dan akta kelahiran tanpa ribet?	273	Pasal 273	Pasal 273: Anak yang dilahirkan dari orang tua, yang tanpa memperoleh dispensasi dari Pemerintah tidak boleh kawin satu sama lainnya, tidak dapat disahkan selain dengan cara mengakui anak itu dalam akta kelahiran.	TIDAK_RELEVAN	Buku I (Orang)
S064	case_064	summarized	Seorang suami dan istri mengalami perselisihan rumah tangga yang berujung pada pemisahan tempat tinggal. Suami mendalilkan ketidakjujuran istri dalam pengelolaan harta bersama, termasuk dugaan penjualan mobil secara diam-diam dan penggunaan dana yang tidak jelas. Istri membantah tuduhan tersebut dan menuding suami juga bersikap tidak jujur serta meninggalkan rumah tangga. Sengketa ini melibatkan klaim atas aset pribadi dan tanggung jawab atas pengelolaan harta dalam hubungan perkawinan.	186	Pasal 186	Pasal 186: Selama perkawinan, si isteri boleh mengajukan tuntutan akan pemisahan harta benda kepada Hakim, tetapi hanya dalam hal-hal: 1. bila suami, dengan kelakuan buruk memboroskan barang-barang dan gabungan harta bersama, dan membiarkan rumah tangga terancam bahaya kehancuran. 2. bila karena kekacau-balauan dan keburukan pengurusan harta kekayaan si suami, jaminan untuk harta perkawinan isteri serta untuk apa yang menurut hukum menjadi hak isteri akan hilang, atau jika karena kelalaian besar dalam pengurusan harta perkawinan si isteri, harta itu berada dalam keadaan bahaya. Pemisahan harta benda yang dilakukan hanya atas persetujuan bersama adalah batal.	RELEVAN	Buku I (Orang)
H065	case_065	humanized	Saya beli tanah di Jatinegara tapi penjualnya gak kasih, malah kabur, sekarang uang sisa 252 juta belum dikembalikan plus bunganya, apa yang harus saya lakukan?	1458	Pasal 1458	Pasal 1458: Jual beli dianggap telah terjadi antara kedua belah pihak, segera setelah orang-orang itu mencapai kesepakatan tentang barang tersebut beserta harganya, meskipun barang itu belum diserahkan dan harganya belum dibayar.	RELEVAN	Buku III (Perikatan)
H066	case_066	humanized	Saya punya tanah tapi ada orang yang bangun rumah di atasnya tanpa izin, terus dia nggak mau pindah, apa yang harus saya lakukan?	4	Pasal 4	Pasal 4: Tanpa mengurangi ketentuan dalam Pasal 10 Ketentuan-ketentuan Umum Perundangundangan di Indonesia, maka bagi golongan Eropa di seluruh Indonesia ada daftar kelahiran, daftar lapor kawin, daftar izin kawin, daftar perkawinan dan perceraian, dan daftar kematian. Pegawai yang ditugaskan menyelenggarakan daftar-daftar tersebut, dinamakan Pegawai Catatan Sipil.	TIDAK_RELEVAN	Buku I (Orang)
H067	case_067	humanized	Saya punya tanah warisan dari nenek yang dihibahkan ke ayah saya, tapi sekarang ada orang lain yang bikin sertifikat atas nama mereka dan malah mengklaim itu miliknya, apa yang harus saya lakukan?	529	Pasal 529	Pasal 529: Yang dimaksud dengan besit adalah kedudukan menguasai atau menikmati suatu barang yang ada dalam kekuasaan seseorang secara pribadi atau dengan perantaraan orang lain, seakan-akan barang itu miliknya sendiri.	RELEVAN	Buku II (Benda)
S068	case_068	summarized	Seorang pemilik bank swasta menuntut sepasang suami istri atas hutang kredit yang tidak dibayar sesuai jadwal. Suami istri tersebut telah menandatangani surat pengakuan hutang dan memberikan jaminan tanah, namun gagal melunasi angsuran secara berkala. Akibatnya, bank menuntut pelunasan sisa hutang ditambah bunga serta hak untuk menjual tanah jaminan tersebut.	1178	Pasal 1178	Pasal 1178: Segala perjanjian yang menentukan bahwa kreditur diberi kuasa untuk menjadikan barangbarang yang dihipotekkan itu sebagai miliknya adalah batal. Namun kreditur hipotek pertama, pada waktu penyerahan hipotek boleh mensyaratkan dengan tegas, bahwa jika utang pokok tidak dilunasi sebagaimana mestinya, atau bila bunga yang terutang tidak dibayar, maka ia akan diberi kuasa secara mutlak untuk menjual persil yang terikat itu di muka umum, agar dari hasilnya dilunasi, baik jumlah uang pokoknya maupun bunga dan biayanya. Perjanjian itu harus didaftarkan dalam daftar-daftar umum, dan pelelangan tersebut harus diselenggarakan dengan cara yang diperintahkan dalam Pasal 1211.	RELEVAN	Buku II (Benda)
H069	case_069	humanized	Saya punya anak yang sakit Down Syndrome dan tidak bisa mengurus dirinya sendiri, apakah saya sebagai ibunya yang masih hidup bisa ditunjuk sebagai pengampunya?	1602x	Pasal 1602x	Pasal 1602x: Jika seorang buruh yang tinggal padanya sakit atau mendapat kecelakaan semasa berlangsungnya hubungan kerja, tetapi paling lama dalam waktu enam minggu, maka majikan wajib mengurus perawatan dan pengobatan buruh dengan sepantasnya. bila hal ini belum diberikan berdasarkan peraturan lain. Ia berhak menuntut kembali biaya untuk itu dari buruh, tetapi biaya selama empat minggu pertama hanya dapat dituntut kembali bila sakit atau kecelakaan itu disebabkan oleh perbuatan sengaja atau perbuatan cabul buruh atau sebagai akibat dari suatu cacat badan yang pada waktu membuat perjanjian dengan sengaja telah diberi keterangan palsu oleh buruh itu. Tiap perjanjian yang mungkin akan mengakibatkan kewajiban-kewajiban itu dikecualikan atau dibatasi adalah batal.	TIDAK_RELEVAN	Buku III (Perikatan)
S070	case_070	summarized	Seorang pewaris tanah adat yang mengklaim kepemilikan atas sebidang tanah seluas 10.250 m² sebagai harta peninggalan orang tuanya, bersengketa dengan pihak yang menguasai tanah tersebut sejak tahun 1958. Pihak yang menguasai tanah tersebut menyatakan bahwa tanah tersebut telah menjadi milik negara sejak lama dan tindakan mereka bukan merupakan pelanggaran hukum, sementara pihak pewaris menuntut pengembalian tanah serta ganti rugi akibat kehilangan hak atas tanah tersebut selama puluhan tahun tanpa mekanisme ganti rugi yang jelas.	82	Pasal 82	Pasal 82: Jika terjadi pelanggaran oleh Pegawai Catatan Sipil atas ketentuan-ketentuan dalam bab ini, maka selama hal itu tidak diatur dalam aturan undang-undang hukum pidana, para Pegawai itu boleh dihukum oleh Pengadilan Negeri dengan denda uang yang tidak melebihi seratus rupiah, tanpa mengurangi hak pihak-pihak yang berkepentingan untuk menuntut ganti rugi, bila ada alasan untuk itu.	TIDAK_RELEVAN	Buku I (Orang)
S071	case_071	summarized	Seorang pewaris mengajukan tuntutan untuk membatalkan keputusan pengadilan yang mengakui kepemilikan tanah kepada pembeli lain, dengan dalil bahwa ia adalah ahli waris sah dari pemilik tanah sebelumnya yang tidak pernah dilibatkan dalam transaksi jual beli tersebut. Namun, pihak pembeli membantah dengan menyatakan bahwa perjanjian jual beli yang mereka lakukan dengan pewaris sebelumnya sah dan mereka adalah pembeli yang beritikad baik yang telah menguasai tanah serta membayar pajak secara terus-menerus. Pengadilan kemudian menolak tuntutan pewaris karena menganggap bahwa sebagai ahli waris, ia bukan lagi pihak ketiga yang independen, melainkan pihak yang melanjutkan posisi pewaris yang sudah terlibat dalam sengketa awal, sehingga tidak memenuhi syarat untuk mengajukan perlawanan.	1960	Pasal 1960	Pasal 1960: Mereka yang disebutkan dalam pasal yang lalu dapat memperoleh hak milik dengan jalan lewat waktu, jika alas hak besit mereka telah berganti, baik karena suatu sebab yang berasal dari pihak ketiga, maupun karena pembantahan yang mereka lakukan terhadap hak milik.	RELEVAN	Buku IV (Pembuktian)
S072	case_072	summarized	Seorang ayah mengajukan permohonan izin kepada pengadilan untuk menjual tanah dan bangunan milik istri yang telah meninggal dunia demi menopang ekonomi keluarga, mengingat anak-anaknya masih berusia di bawah umur dan belum mampu melakukan perbuatan hukum sendiri.	127	Pasal 127	Pasal 127: Setelah salah seorang dan suami isteri meninggal, maka bila ada meninggalkan anak yang masih di bawah umur, pihak yang hidup terlama wajib untuk mengadakan pendaftaran harta benda yang merupakan harta bersama dalam waktu empat bulan. Pendaftaran harta bersama itu boleh dilakukan di bawah tangan, tetapi harus dihadiri oleh wali pengawas. Bila pendaftaran harta bersama itu tidak diadakan, gabungan harta bersama berlangsung terus untuk keuntungan si anak yang masih di bawah umur dan sekali-kali tidak boleh merugikannya.	RELEVAN	Buku I (Orang)
H073	case_073	humanized	Saya sewa rumah 30 tahun tapi pemiliknya malah nyewain ke orang lain tanpa izin, apa yang harus saya lakukan?	42	Pasal 42	Pasal 42: Anak sah yang telah dewasa, tetapi belum genap tiga puluh tahun, juga wajib untuk memohon izin bapak dan ibunya untuk melakukan perkawinan. Bila ia tidak memperoleh izin itu, Ia boleh memohon perantaraan Pengadilan Negeri tempat tinggalnya dan dalam hal itu harus diindahkan ketentuan-ketentuan dalam pasal-pasal berikut.	TIDAK_RELEVAN	Buku I (Orang)
H074	case_074	humanized	Kenapa saya harus bayar sisa hutang kalau ruko sudah saya serahkan sebagai ganti uang, dan apakah pengurus koperasi pribadi harus ikut bertanggung jawab?	1749	Pasal 1749	Pasal 1749: Jika beberapa orang bersama-sama meminjam satu barang, maka mereka masing-masing wajib bertanggung jawab atas keseluruhannya kepada pemberi pinjaman.	TIDAK_RELEVAN	Buku III (Perikatan)
S075	case_075	summarized	Seorang anak mengajukan permohonan untuk mendapatkan pengesahan kematian ayahnya yang meninggal dunia pada tahun 1979 namun belum tercatat secara resmi, guna keperluan pengurusan harta peninggalan berupa tanah yang masih berstatus bersama dengan ibunya, sehingga diperlukan penetapan hukum untuk memisahkan hak kepemilikan dan menyelesaikan urusan waris.	1037	Pasal 1037	Pasal 1037: Setelah menyelesaikan perhitungan dan pertanggungjawaban, ahli waris harus melunasi piutang para kreditur yang sudah diketahui pada waktu itu, seluruhnya atau dalam perbandingan dengan jumlah harta peninggalan itu. Para kreditur yang datang menagih setelah pembagian, hanya akan dibayar dengan barangbarang yang tidak terjual dan sisanya, sesuai dengan waktu kedatangan mereka untuk melapor.	TIDAK_RELEVAN	Buku II (Benda)
H076	case_076	humanized	Kenapa mereka bisa menyita tanah pribadi saya padahal utang perusahaan sudah lunas?	749	Pasal 749	Pasal 749: Bila beban utang diikatkan pada anak-anak hewan atau sarang-sarang lebah, maka yang berutang boleh menyerahkan bagiannya kepada yang berhak atau membayar harganya dengan uang, dihitung menurut harga tertinggi selama enam minggu sejak pembayaran utang tersebut bisa dituntut. Beban utang yang dibicarakan dalam pasal ini, tidak termasuk dalam sepersepuluhan, tetapi harus tegas-tegas diikatkan atau diperjanjikan. Sepersepuluhan harus dilunasi dengan hasil nyata tanah yang telah menghasilkannya, sehingga yang berpiutang sepersepuluhan tak boleh memilih yang terbaik diantaranya, sebagaimana yang berutang tidak boleh memberikan bagian yang terburuk.	TIDAK_RELEVAN	Buku II (Benda)
H077	case_077	humanized	Saya sudah pisah rumah dari suami saya sejak November 2023 karena pertengkaran terus-menerus dan dia berselingkuh, apakah perkawinan kami bisa dianggap sudah putus?	199	Pasal 199	Pasal 199: Perkawinan bubar: 1. oleh kematian; 2. oleh tidak hadirnya si suami atau si isteri selama sepuluh tahun, yang disusul oleh perkawinan baru isteri atau suaminya. sesuai dengan ketentuan-ketentuan Bagian 5 Bab 18; 3. oleh keputusan Hakim setelah pisah meja dan ranjang dan pendaftaran Catatan Sipil, sesuai dengan ketentuan-ketentuan Bagian 2 bab ini; 4. oleh perceraian, sesuai dengan ketentuan-ketentuan Bagian 3 bab ini.	RELEVAN	Buku I (Orang)
H078	case_078	humanized	Saya punya hutang ke teman yang saya anggap seperti bank, dia bilang saya ingkar janji karena bayar angsuran tidak lengkap, sekarang kita sepakat buat jadwal bayar baru tapi dia ancam kalau saya melanggar lagi dia akan ambil tanah saya, apakah kesepakatan kita ini benar-benar mengikat saya sampai tanah saya bisa diambil paksa?	1213	Pasal 1213	Pasal 1213: Pada waktu mengadakan pengaturan urutan tingkat, akan diperintahkan pencoretan pendaftaran-pendaftaran yang tidak mendapat urutan tingkat yang menguntungkan. Pendaftaran demikian yang hanya sebagian dapat diikutsertakan secara menguntungkan, hanya dapat dipertahankan untuk bagian itu saja sampai pada saat pembayaran, yang langsung dapat ditagih oleh kreditur, tanpa mengingat apakah piutang itu sudah dapat ditagih atau belum. Tentang piutang-piutang yang jumlah seluruhnya mendapat urutan tingkat yang menguntungkan, pendaftarannya akan dipertahankan, dan pembelinya tetap terikat pada kewajiban-kewajiban yang sama mendapat ketentuan-ketentuan mendapatkan waktu dan penundaan-penundaan yang sama, seperti pembelian yang semula.	TIDAK_RELEVAN	Buku II (Benda)
H079	case_079	humanized	Saya punya perjanjian kerjasama bisnis dengan teman, tapi dia malah curang dan tidak bagi hasil sesuai janji, plus malah tuduh saya penipuan, apa yang harus saya lakukan?	778	Pasal 778	Pasal 778: Pemilik tanah wajib membiarkan pemakai hasil menikmati hak pakai hasil tanpa rintangan apa pun.	TIDAK_RELEVAN	Buku II (Benda)
S080	case_080	summarized	Seorang saudara bertindak sebagai wali bagi adik kandungnya yang belum dewasa setelah orang tua mereka meninggal dunia. [Penggugat] mengajukan permohonan penetapan untuk diakui sebagai wali dan diberikan izin menjual sebidang tanah warisan milik keluarga guna membiayai pendidikan serta kelangsungan hidup adik-adiknya, termasuk adik yang belum dewasa tersebut. Hakim mengabulkan permohonan tersebut dengan menetapkan [Penggugat] sebagai wali sah dan memberikan izin penjualan tanah, mengingat tidak ada keberatan dari keluarga dan demi kepentingan terbaik anak.	359	Pasal 359	Pasal 359: Bila anak belum dewasa yang tidak berada di bawah kekuasaan orang tua dan yang perwaliannya sebelumnya tidak diatur dengan cara yang sah, Pengadilan Negeri harus mengangkat seorang wali, setelah mendengar atau memanggil dengan sah para keluarga sedarah dan semenda. Bila pengangkatan itu diperlukan karena ketidakmampuan untuk sementara waktu melakukan kekuasaan orang tua atau perwalian, maka oleh Pengadilan Negeri diangkat juga seorang wali untuk waktu selama ketidakmampuan itu ada. Wali ini diberhentikan lagi oleh Pengadilan Negeri atas permohonan orang yang digantinya bila alasan-alasan yang menyebabkan ia diangkat. Bila pengangkatan itu diperlukan karena bapak atau ibu tidak diketahui ada tidaknya, tempat tinggal atau tempat kediaman mereka, maka oleh Pengadilan Negeri diangkat juga seorang wali. Atas permohonan orang yang digantinya, wali ini diberhentikan oleh Pengadilan Negeri, bila alasan yang menyebabkan pengangkatan tidak ada lagi. Atas permohonan ini Pengadilan Negeri mengambil ketetapan setelah mendengar atau memanggil dengan sah pemohon, wali, wali pengawas, para keluarga sedarah atau semenda anak belum dewasa, dan dewan perwalian bila permohonan ini menyangkut perwalian anak di luar kawin, maka Pengadilan Negeri mengambil ketetapan setelah mendengar atau memanggil secara sah, sebagaimana diatur dalam Pasal 354a. Permohonan dikabulkan kecuali jika ada kekhawatiran yang berdasar kalau-kalau bapak atau ibu menelantarkan anak. Terhadap pemeriksaan orang-orang ini, ketentuan dalam alinea keempat Pasal 206 berlaku dengan sekedar penyesuaian. Selama perwalian termaksud dalam alinea kedua dan ketiga berjalan, penunaian kekuasaan orang tua ditangguhkan. Dalam hal diperlukan pengangkatan seorang wali, maka bila perlu oleh Balai Harta Peninggalan, baik sebelum maupun setelah pengangkatan itu, diadakan tindakan-tindakan seperlunya guna mengurus diri dan harta kekayaan anak belum dewasa, sampai perwalian itu mulai berlaku.	RELEVAN	Buku I (Orang)
